MASTER_OID,VolumeCorr,BasinID,BID,Q01,Q02,Q03,Q04,Q05,Q06,Q07,Q08,Q09,Q10,Q11,Q12,V01,V02,V03,V04,V05,V06,V07,V08,V09,V10,V11,V12,XC01,XC02,XC03,XC04,XC05,XC06,XC07,XC08,XC09,XC10,XC11,XC12
1806,36202.70,5225092-4,5225092,54176.96898,101376.3045,42240.12687,19230.08382,13837.83131,8244.959604,5832.636111,4053.975686,2732.824889,1820.252209,7334.833499,18816.61256,0.279910032,0.353299776,0.256894584,0.20125944,0.184062624,0.16241268,0.150924768,0.140927328,0.132060696,0.124672344,0.158291784,0.200028048,15164.67712,35816.22567,10851.25982,3870.235901,2547.027542,1339.085986,880.2892519,571.3159613,360.8987569,226.9351096,1161.04388,3763.850279
1802,124754.06,5224885-4,5224885,3770.172923,4217.896248,6769.674547,4993.460698,3973.238693,2231.276902,1401.88779,856.3014425,817.1562337,2028.211131,3868.035945,4805.07438,0.195020184,0.201222864,0.231849168,0.211278216,0.19787616,0.170462448,0.15374112,0.1399794,0.13885164,0.166682928,0.196407024,0.208906872,735.2598171,848.7371631,1569.543411,1055.009468,786.2092154,380.3489228,215.527799,119.8645621,113.4634832,338.0681699,759.7094286,1003.813058
1884,29795.04,8994644-4,8994644,1167.016537,1321.150797,1609.846712,1264.879559,1069.153515,594.5178587,352.3068792,220.1917995,132.1150797,110.0958998,330.2876993,1034.901458,0.19722084,0.204249528,0.216450672,0.20173188,0.192529968,0.166149528,0.148644864,0.136574784,0.12646152,0.123465336,0.146803872,0.190841376,230.1599818,269.8444267,348.4524026,255.1665315,205.8440921,98.7788616,52.36860814,30.07264746,16.70747379,13.59302725,48.48751312,197.5020182
1804,0.00,5225031-4,5225031,4829.540136,2471.041306,10850.56256,26912.33105,41195.43911,30454.97245,19973.84279,15653.19037,18545.04267,24123.23492,23218.00197,9791.195351,0.122831352,0.114196368,0.138312144,0.165783768,0.18399252,0.170654472,0.155271216,0.147831048,0.15290292,0.161729928,0.16037052,0.135959088,593.2189444,282.1839423,1500.764572,4461.627647,7579.652655,5197.277243,3101.362858,2314.027537,2835.591176,3901.449047,3723.483049,1331.20199
2353,149934.53,2490617-4,2490617,39079.15126,74630.34058,17781.7111,14488.62041,12524.02024,7011.885526,4249.70173,2603.156385,1861.843994,10703.76803,14999.9547,13527.11622,0.447550032,0.592476336,0.326736456,0.302751744,0.287206944,0.2359914,0.202838304,0.17789652,0.164217096,0.271747488,0.306631848,0.295275,17489.8754,44216.71074,5809.933266,4386.455096,3596.98558,1654.744682,862.0022915,463.0924619,305.7466138,2908.722075,4599.463829,3994.219241
2391,8443.39,3124852-4,3124852,223205.9806,357111.9536,368260.9984,210836.0946,149375.6702,92534.38045,57910.44327,42817.5187,40955.67471,83572.57421,181474.7414,221449.3393,0.622986816,0.772924032,0.784098,0.607210368,0.52139088,0.425427648,0.352406712,0.31412688,0.308991,0.4079748,0.567927744,0.62077092,139054.3832,276020.411,288752.7123,128021.8626,77883.11214,39366.68383,20408.0289,13450.13356,12654.93488,34095.50425,103064.5405,137469.3101
1853,10829.64,5310186-4,5310186,3381.16741,4839.326438,7611.296536,6537.24987,5455.863477,2962.802991,1766.427547,1083.832969,758.4384205,540.6931966,1854.504267,4420.962019,0.222101664,0.248966736,0.291096192,0.275801328,0.2591562,0.213424008,0.184745376,0.16401288,0.151921464,0.142396464,0.187119768,0.241703352,750.962908,1204.831308,2215.619438,1802.982196,1413.920846,632.3332893,326.3393214,177.7625666,115.2230752,76.9927993,347.0144082,1068.561339
2425,40227.19,5194937-4,5194937,3200.120819,2006.191951,8046.786984,16947.42883,15024.42045,10302.52964,8915.321304,7212.504721,9708.011782,14146.09983,13018.2285,6556.822474,0.203542392,0.179484528,0.272741136,0.359459784,0.343012776,0.29780484,0.282738576,0.262649208,0.291471096,0.335176368,0.3247644,0.25432512,651.3602463,360.0804154,2194.689823,6091.919108,5153.568167,3068.143191,2520.70525,1894.358653,2829.604834,4741.438362,4227.857168,1667.564663
2397,287237.99,3127366-4,3127366,322947.9726,275254.4288,530977.845,930418.0022,537297.3497,445359.9337,240933.867,167991.6636,302920.3051,368899.5546,492728.0829,420466.0274,0.401296632,0.376296936,0.494150904,0.632984256,0.4966716,0.45848016,0.357024432,0.311188608,0.391024872,0.423787824,0.478575624,0.447516504,129597.9337,103577.3982,262383.1821,588939.9469,266860.3343,204188.6936,86019.27702,52277.09194,118449.3735,156335.1395,235807.6497,188165.4867
1807,20607.27,5225098-4,5225098,1228.180926,1301.578193,1428.800121,1061.813789,741.3123917,415.9178435,293.589066,195.726044,146.794533,97.863022,366.9863325,983.5233711,0.187320936,0.19024092,0.195129912,0.18038064,0.165375336,0.146514312,0.137644632,0.12918948,0.124206,0.11835384,0.143137128,0.1769364,230.0640007,247.6134328,278.8016419,191.5306508,122.5947859,60.93791669,40.41095895,25.28574585,18.23276177,11.58246445,52.52936965,174.0210846
2421,34798.66,5139087-4,5139087,3320.003021,1695.476856,8134.863704,17967.65084,13957.71351,9529.411767,6131.118328,6549.482747,10965.55162,14429.90259,13796.23953,6791.693727,0.212143848,0.176686464,0.284146752,0.38362128,0.34727388,0.300813216,0.257635248,0.263472168,0.316818264,0.351791016,0.345716352,0.266770104,704.3182163,299.5678105,2311.495099,6892.773214,4847.149328,2866.573,1579.592191,1725.606419,3474.087026,5076.310094,4769.5856,1811.820842
2356,277207.89,2490705-4,2490705,6654.685496,35940.19483,7320.154046,5612.444312,4858.899042,2691.233105,1604.953561,1037.348033,753.5452694,653.2356719,3787.298951,6231.427926,0.2958846,0.588358488,0.306366672,0.278425656,0.264834624,0.21883116,0.188866272,0.169243248,0.157496256,0.152860248,0.243663216,0.288962592,1969.018956,21145.71869,2242.651233,1562.648489,1286.804701,588.9256622,303.1215958,175.5641504,118.6805587,99.8537668,922.8254425,1800.649565
1805,57066.37,5225060-4,5225060,5272.37031,5431.397721,13458.6121,12820.05588,9659.080271,6967.847166,5607.551161,3068.00574,7386.211585,11890.35717,12692.83395,8736.721289,0.257309112,0.259906008,0.362614464,0.355768656,0.31923228,0.283369512,0.262740648,0.216502488,0.289325304,0.345512136,0.354387912,0.3075432,1356.628923,1411.6529,4880.287413,4560.974051,3083.490218,1974.475451,1473.331626,664.2308758,2137.017912,4108.262705,4498.186922,2686.919223
1816,181511.49,5227746-4,5227746,5539.047045,31257.44923,6133.564904,4643.600394,4044.189384,2250.849506,1352.956279,875.8740469,636.109643,538.246621,3219.693424,5211.205922,0.293357808,0.593680296,0.304446432,0.275536152,0.26269188,0.217584528,0.188311536,0.168868344,0.157173168,0.151808688,0.243455952,0.287002728,1624.9227,18556.93171,1867.34195,1279.479784,1062.375712,489.7500274,254.7772751,147.9073999,99.97936779,81.71051335,783.8535276,1495.630316
2417,181511.49,5105160-4,5105160,2458.808428,2434.342672,2708.359134,2135.860455,1827.591936,998.2028244,592.0712831,381.6657858,278.9096127,293.589066,1465.498754,2316.907046,0.270759936,0.2698242,0.280071576,0.258025392,0.24499824,0.203521056,0.176991264,0.15973044,0.149647656,0.151183848,0.228292152,0.26526744,665.7468125,656.8445641,758.534411,551.1062312,447.7568077,203.1552929,104.7914448,60.9636439,41.73816978,44.38592473,334.5618644,614.6000008
1803,141461.93,5224891-4,5224891,9852.35974,53707.22647,17598.21793,12457.9627,10055.42551,5773.918298,3652.737296,2167.665937,2475.934457,12335.63392,15499.05611,12479.98188,0.23701248,0.445931544,0.288602928,0.255989328,0.238570008,0.201683112,0.178439064,0.158005272,0.162687,0.255145032,0.275911056,0.256141728,2335.132216,23949.74643,5078.897223,3189.1055,2398.922944,1164.501811,651.7910242,342.502646,402.8023489,3147.375712,4276.360938,3196.644124
2390,25753.21,3124461-4,3124461,704.6137584,814.7096582,1771.320698,1316.257646,976.1836445,548.0329232,335.1808504,212.8520729,166.3671374,92.9698709,731.5260895,1071.600091,0.126528576,0.129134616,0.147072096,0.139330176,0.132676392,0.122465592,0.115924584,0.111224568,0.109112304,0.10509504,0.127180848,0.134639304,89.15377548,105.2072189,260.5118478,183.3944095,129.5165239,67.11517638,38.85570064,23.67437985,18.15270167,9.770672301,93.03610839,144.2794904
2394,3927.78,3126600-4,3126600,7190.485541,3554.874274,13231.08057,45944.24225,37094.97849,30124.68475,16807.97403,12213.30515,24103.66232,33371.2905,34369.49333,14500.85328,0.20447508,0.169999152,0.24672036,0.389787384,0.358024176,0.330397104,0.267413232,0.24036528,0.303998376,0.34360104,0.347539056,0.254334264,1470.275106,604.3256121,3264.376963,17908.486,13280.89911,9953.108599,4494.674658,2935.654511,7327.474201,11466.41012,11944.74127,3688.063848
1871,151268.62,5320883-4,5320883,3107.150949,4173.857888,6263.233408,5069.30454,3765.279771,2214.150873,1409.227517,905.2329535,604.3041609,401.2383902,2424.55637,4232.575702,0.276191472,0.307104288,0.358356408,0.330275184,0.295759632,0.246190008,0.21372576,0.188649864,0.170371008,0.155444952,0.253706376,0.308692296,858.1685942,1281.809655,2244.469827,1674.26549,1113.61776,545.1018211,301.188222,170.7720736,102.955909,62.37048231,615.1254101,1306.563511
2344,8923.98,1922173-4,1922173,6801.480029,3398.293439,15535.75474,45775.42854,28717.90381,22232.03202,12599.86408,8063.913013,17028.16583,26007.0981,27981.48457,13864.74364,0.215045544,0.177738024,0.281687016,0.427149768,0.354089208,0.321033648,0.261932928,0.226499928,0.291056568,0.34075116,0.350526096,0.270683736,1462.627973,604.0059608,4376.220395,19552.96368,10168.69981,7137.230343,3300.319292,1826.475717,4956.159505,8861.948845,9808.240545,3752.960608
1889,3522.63,8994654-6,8994654,1750236.11,2945904.49,4006565.95,3181492.59,2155733.988,1355383.282,838588.2355,616681.3866,445166.6542,410075.4211,913918.2967,2421696.323,0.29798772,0.362952792,0.410660088,0.374169432,0.321856608,0.272091912,0.23201376,0.211229448,0.192600072,0.188393832,0.238463328,0.336374232,521548.8679,1069224.26,1645336.72,1190417.28,693837.2292,368788.8287,194564.0096,130261.2689,85739.12965,77255.67999,217935.9986,814596.24
2291,96221.53,5320885-1,5320885,1509.537114,2089.37552,2943.230387,2412.323492,1746.854943,1030.008307,653.2356719,452.6164768,300.9287927,200.6191951,1115.638451,1986.619347,0.198507096,0.218194128,0.242977416,0.228045264,0.206931768,0.179307744,0.160983168,0.149126448,0.138382248,0.129786888,0.183004968,0.21491448,299.6538289,455.8894696,715.138514,550.1189477,361.4797817,184.6884657,105.1599479,67.49708748,41.64320281,26.03774101,204.167379,426.9532638
2292,96221.53,5320886-1,5320886,853.854867,1193.928868,1656.331647,1396.994639,1012.882278,572.4986787,369.4329081,254.4438572,168.813713,112.5424753,628.7699164,1115.638451,0.129881376,0.136873488,0.145011648,0.140601192,0.133285992,0.12301728,0.116994432,0.112864392,0.109170216,0.106231944,0.124498608,0.135355584,110.899845,163.4172086,240.1873818,196.4191115,135.0030192,70.42723026,43.22159324,28.71765124,18.42942951,11.95560593,78.28097934,151.007894
2343,96913.45,1914420-4,1914420,7320.154046,32267.88493,18831.29201,29698.9806,20658.88394,14021.32448,8452.918525,6762.33482,14730.83139,20883.96889,22865.69509,14473.94095,0.253581408,0.44482512,0.357566976,0.429703992,0.370856256,0.319360296,0.266251944,0.247006872,0.32534352,0.372453408,0.386184648,0.32319468,1856.25497,14353.56579,6733.448138,12761.77052,7661.476353,4477.854335,2250.60599,1670.343171,4792.580536,7778.305387,8830.38041,4677.900715
1873,61023.27,5320907-4,5320907,3041.093409,4127.372953,7136.660879,5678.501852,4193.430493,2429.449521,1511.98369,949.2713134,633.6630675,420.8109946,2554.224874,4484.572983,0.239962944,0.26566368,0.323597016,0.297356784,0.267117576,0.22355556,0.194715384,0.172657008,0.157465776,0.145066512,0.227048568,0.273399504,729.7497273,1096.493087,2309.402165,1688.541049,1120.138988,543.1169482,294.4064848,163.8983448,99.78024664,61.0455832,579.9331,1226.080029
1869,79816.52,5320059-4,5320059,785.3507516,1069.153515,1761.534396,1399.441215,949.2713134,557.8192254,352.3068792,234.8712528,146.794533,117.4356264,535.8000455,1093.619271,0.129079752,0.135325104,0.14787372,0.141677136,0.132795264,0.123251976,0.116918232,0.112477296,0.108396024,0.10678668,0.122633232,0.135824976,101.3728802,144.6833107,260.484644,198.2688233,126.0587347,68.75232178,41.19109744,26.41768342,15.91194372,12.54056066,65.70689128,148.5408112
2167,83896.28,5224996-1,5224996,64261.7534,83088.15225,82508.31385,68222.75921,49342.53569,32534.56166,20842.37711,17622.68369,11484.22563,15579.7931,35079.00024,59013.84884,0.285564072,0.313569096,0.312752232,0.291745416,0.260491224,0.227457,0.19935444,0.190371984,0.170770296,0.18426684,0.232900728,0.277090632,18350.84797,26053.87679,25804.65931,19903.67727,12853.29752,7400.213792,4155.020417,3354.865257,1961.16461,2870.839243,8169.924692,16352.18467
1878,73101.51,5348510-4,5348510,40909.18977,76064.03385,19264.33588,13695.92993,12484.87503,6982.52662,4115.140075,2561.564601,2072.249491,14185.24504,18009.24262,15056.22593,0.20753832,0.251822712,0.170114976,0.157502352,0.154454352,0.138403584,0.127534416,0.120069864,0.117293136,0.158697168,0.167438832,0.160775904,8490.224518,19154.65129,3277.152036,2157.141177,1928.343283,966.4067095,524.8219862,307.5667133,243.0606414,2251.158215,3015.44655,2420.678335
2408,179898.35,4789590-4,4789590,58566.12552,68239.88524,106878.6529,138647.4364,92796.16404,54727.44848,31306.38074,20766.53327,38002.65802,63126.54234,78089.7984,66906.50157,0.306939696,0.32494728,0.387074664,0.430505616,0.365891064,0.299408088,0.24668988,0.216785952,0.263243568,0.31558992,0.342086184,0.32253936,17976.26876,22174.3651,41370.01866,59688.50002,33953.28719,16385.84071,7722.967307,4501.892684,10003.95529,19922.10045,26713.44115,21579.98019
2367,39727.33,2544849-4,2544849,1401.88779,1651.438496,3280.857813,2488.167334,1834.931663,1025.115155,631.2164919,403.6849658,315.608246,178.6000152,1220.841199,1927.901533,0.132804408,0.136333992,0.154951176,0.146627088,0.138769344,0.126863856,0.119402352,0.114034824,0.111578136,0.106990896,0.13005816,0.139958064,186.1768781,225.1472027,508.3727763,364.8327307,254.6322631,130.0500615,75.36873375,46.03414402,35.21497979,19.10857565,158.7803601,269.8253662
1867,124419.24,5319333-4,5319333,2321.800197,2811.115307,5005.693575,3865.589369,2806.222156,1626.972741,1034.901458,667.9151252,413.471268,450.1699012,2502.846788,3430.098921,0.258884928,0.276508464,0.34193988,0.310143144,0.276340824,0.230511096,0.201356976,0.17908524,0.159955992,0.163000944,0.265590528,0.296850816,601.0790768,777.2971757,1711.64626,1198.88604,775.4737429,375.0352696,208.384628,119.6137405,66.13720683,73.37811886,664.7323998,1018.227664
1833,41697.47,5289474-4,5289474,2089.37552,2451.468701,2852.707091,2578.69063,1852.057691,1007.989127,641.0027941,401.2383902,278.9096127,200.6191951,658.128823,1847.16454,0.198193152,0.207422496,0.216929208,0.210513168,0.191731392,0.164753544,0.149635464,0.137382504,0.129762504,0.12402312,0.1504188,0.191594232,414.09992,508.4897568,618.83549,542.8483338,355.0975992,166.0697809,95.91675052,55.12313475,36.19200973,24.88141851,98.99494779,353.9060715
1821,275781.53,5254734-4,5254734,5272.37031,33456.92065,6945.827986,5649.142945,4599.562034,2561.564601,1592.720683,910.1261046,689.9343051,714.4000606,2603.156385,4489.466134,0.301922688,0.648657072,0.33470088,0.309685944,0.287383728,0.235720128,0.204115416,0.17580864,0.164616384,0.165936168,0.23693628,0.2849118,1591.848216,21702.06818,2324.774739,1749.460166,1321.839284,603.8123356,325.0988448,160.0080327,113.5744905,118.5448085,616.7821902,1279.101877
2412,53127.48,4929688-4,4929688,5627.123765,4460.107228,14478.8341,19694.93318,13539.34909,8288.997963,5049.731935,3205.013971,9823.000833,15286.20404,17006.14665,10615.69131,0.249024648,0.231026208,0.350065848,0.395514576,0.341104728,0.28442412,0.24036528,0.20897088,0.30239208,0.357551736,0.372904512,0.311161176,1401.292515,1030.40166,5068.545339,7789.633145,4618.33599,2357.590951,1213.780231,669.7545898,2970.397654,5465.60879,6341.668817,3303.190993
2127,101223.78,3117498-4,3117498,2527.312543,1279.559013,5507.241563,15636.06434,13908.782,8144.650006,4812.414107,2882.065998,8861.496642,12225.53802,7672.460925,5196.526468,0.21558504,0.17870424,0.277867872,0.414003744,0.394719048,0.320332608,0.26516076,0.224366328,0.330701904,0.374809512,0.313267344,0.272283936,544.8507757,228.6626209,1530.285494,6473.389178,5490.061191,2608.996978,1276.063382,646.638565,2930.513812,4582.24794,2403.531456,1414.93068
2401,101223.78,3464102-4,3464102,3371.381108,1715.049461,7371.532132,20514.53599,19254.54958,12771.12437,6439.386848,3860.696218,11398.59549,15474.59035,15650.74379,6948.274562,0.186784488,0.158803848,0.234571032,0.336063336,0.328053192,0.282205176,0.224832672,0.193709544,0.271177512,0.30240732,0.303663096,0.230224584,629.7216941,272.3564538,1729.1479,6894.1834,6316.51645,3604.077401,1447.784551,747.8537039,3091.042765,4679.629397,4752.553315,1599.663621
1820,217616.40,5254733-4,5254733,4513.93189,5426.50457,6275.466286,5069.30454,4093.120895,2238.616628,1382.315186,846.5151403,609.197312,535.8000455,2253.296082,3877.822247,0.150138384,0.1559052,0.16087344,0.153707592,0.1472946,0.132682488,0.12394692,0.117079776,0.113379504,0.112102392,0.1328166,0.145788888,677.7144394,846.0202803,1009.555849,779.1905939,602.894605,297.0252239,171.3337097,99.10980301,69.07048907,60.06446673,299.2751243,565.3433932
1850,35696.91,5308972-4,5308972,9651.740545,56687.15549,37009.34834,16991.46719,12345.42023,7459.608852,4677.852452,2977.482444,2006.191951,1304.024768,15836.68354,14977.93552,0.2801112,0.570485016,0.473945712,0.345304872,0.306098448,0.256312416,0.220687392,0.193666872,0.174814992,0.158291784,0.336084672,0.329025504,2703.560626,32339.17281,17540.42195,5867.236405,3778.913971,1911.990367,1032.343058,576.6397114,350.7124299,206.4164069,5322.466591,4928.122782
2340,106687.70,1774299-4,1774299,6529.910143,40358.71027,10072.55154,8078.592466,6696.27728,5186.740166,3584.233181,2906.531753,7704.266407,11560.06947,6485.871783,6527.463567,0.281120088,0.586224888,0.329546712,0.303507648,0.283637736,0.25958292,0.23007828,0.215746584,0.298295568,0.347420184,0.280449528,0.281083512,1835.688914,23659.28041,3319.376241,2451.914599,1899.316927,1346.389158,824.6542053,627.0742971,2298.148524,4016.201464,1818.95968,1834.762384
1849,61796.18,5308971-4,5308971,6221.641624,39937.89928,15988.37122,11562.51605,8399.093863,5039.945633,3187.887942,2062.463189,1485.071359,959.0576156,7305.474592,10121.48305,0.245842536,0.501542304,0.344643456,0.305016408,0.272073624,0.22977348,0.200460864,0.178481736,0.164960808,0.150257256,0.259360416,0.290614608,1529.544155,20030.54602,5510.287513,3526.757113,2285.171906,1158.045847,639.0467711,368.1120103,244.9785713,144.1053657,1894.750929,2941.450829
1841,40221.49,5292227-4,5292227,968.8439178,1372.528884,2698.572832,2351.159104,1898.542627,1007.989127,604.3041609,369.4329081,234.8712528,200.6191951,839.1754137,1609.846712,0.197742048,0.218818968,0.272728944,0.26011632,0.24228552,0.1999488,0.17474184,0.156173424,0.142881096,0.13895832,0.190122048,0.22984968,191.5811805,300.3353538,735.9789187,611.5748537,459.9893876,201.5462163,105.597221,57.69560219,33.55866202,27.87770631,159.5457483,370.0227516
2426,85370.38,5224659-4,5224659,3302.876993,3481.477008,7579.491054,6329.290948,5223.438799,3777.512649,2710.805709,1803.12618,2928.550933,7557.471874,4134.71268,4961.655215,0.21674328,0.220224096,0.28478988,0.267373608,0.250566936,0.225814128,0.204517752,0.183004968,0.209147664,0.284494224,0.232291128,0.246351552,715.8763928,766.7051268,2158.562348,1692.285357,1308.821055,853.0157249,554.4078898,329.9810489,612.4995866,2150.057096,960.4570723,1222.311463
2126,42580.02,3117492-4,3117492,8996.058297,4575.096279,18645.35227,58067.0241,48300.29451,30917.37523,18608.65363,11922.16266,27086.03791,34139.51522,38501.75943,18371.3358,0.161004504,0.140793216,0.192670176,0.274371816,0.257568192,0.22306788,0.192566544,0.171812712,0.214310976,0.230044752,0.239015016,0.191899032,1448.405904,644.1425186,3592.403303,15931.95485,12440.61953,6896.673347,3583.404119,2048.379099,5804.835221,7853.616313,9202.498646,3525.441558
2341,258728.23,1911274-5,1911274,63642.76978,99142.58101,122803.4132,82554.79878,54710.32245,35923.0688,22082.79091,15327.79582,19526.11946,43453.62834,67112.01391,72616.8089,0.237899448,0.296216832,0.329729592,0.270442944,0.22096476,0.180462936,0.143685768,0.12173712,0.135806688,0.1976628,0.24417528,0.253834392,15140.5798,29367.70126,40491.91932,22326.36282,12089.05327,6482.782466,3172.982772,1865.961719,2651.777614,8589.165849,16387.09479,18432.64354
2345,13299.17,1922175-4,1922175,5030.159331,2534.65227,11276.26671,34552.98649,23917.72258,20663.7771,11589.42838,7305.474592,15802.43148,23443.08692,23836.98558,10224.23922,0.180398928,0.154039824,0.226640136,0.334389984,0.291730176,0.27695652,0.228581712,0.199333104,0.252670056,0.289639248,0.291376608,0.219916248,907.4353509,390.4373895,2555.654621,11554.1726,6977.521417,5722.967794,2649.13138,1456.222927,3992.801246,6790.038066,6945.540004,2248.476329
2372,230328.84,2684431-4,2684431,7966.049991,42952.08036,9465.800803,6931.148533,5402.038814,2955.463264,1732.175489,1017.775429,814.7096582,609.197312,2705.912558,6860.197842,0.158047944,0.250698,0.164189664,0.153485088,0.146108928,0.131829048,0.12248388,0.115476528,0.113083848,0.11035284,0.130097784,0.153158952,1259.017823,10768.00064,1554.186653,1063.827943,789.2861002,389.6159085,212.1635748,117.5291728,92.13050315,67.22665349,352.0332275,1050.700712
2371,64898.30,2684165-4,2684165,68885.78119,122710.4433,52249.06745,27379.62698,23191.08964,13639.65869,8203.367819,4247.255155,2838.027638,16604.90826,28416.97501,37877.88267,0.20973288,0.251255784,0.193932048,0.164905944,0.158919672,0.142975584,0.131387088,0.120356376,0.115278408,0.148367496,0.166320216,0.178240944,14447.61328,30831.70863,10132.76866,4515.063234,3685.520359,1950.138167,1077.81661,511.1842384,327.163308,2463.62866,4726.317422,6751.389563
2398,11961.34,3127371-4,3127371,54688.30327,57222.95554,86569.62926,136961.7459,79574.86976,67469.21394,37068.06616,24629.67606,41007.05279,64217.71504,76663.44486,61900.80799,0.324532752,0.33014412,0.388205472,0.469358472,0.375333768,0.351730056,0.281519376,0.244928136,0.291849048,0.345057984,0.369819936,0.340205568,17748.14556,18891.8223,33606.80379,64284.15576,29867.13571,23730.9504,10435.37885,6032.500648,11967.86932,22158.83529,28351.67027,21058.99954
1882,21604.87,5658190-4,5658190,7156590.68,6323470.54,7857373.1,4592246.77,3565472.84,1776328.838,1067203.595,766428.9362,887737.4917,847109.6582,2654069.62,5694267.58,0.404475696,0.384727704,0.420264336,0.339309456,0.308463696,0.242139216,0.207023208,0.188802264,0.196495416,0.193977768,0.277346664,0.36899088,2894667,2432814.3,3302173.69,1558192.75,1099818.93,430118.8723,220935.9118,144703.5184,174436.3477,164320.4407,736097.3558,2101132.81
2400,21604.87,3313372-4,3313372,7156590.68,6323470.54,7857373.1,4592246.77,3565472.84,1776328.838,1067203.595,766428.9362,887737.4917,847109.6582,2654069.62,5694267.58,0.404475696,0.384727704,0.420264336,0.339309456,0.308463696,0.242139216,0.207023208,0.188802264,0.196495416,0.193977768,0.277346664,0.36899088,2894667,2432814.3,3302173.69,1558192.75,1099818.93,430118.8723,220935.9118,144703.5184,174436.3477,164320.4407,736097.3558,2101132.81
2420,21604.87,5136620-4,5136620,7156590.68,6323470.54,7857373.1,4592246.77,3565472.84,1776328.838,1067203.595,766428.9362,887737.4917,847109.6582,2654069.62,5694267.58,0.404475696,0.384727704,0.420264336,0.339309456,0.308463696,0.242139216,0.207023208,0.188802264,0.196495416,0.193977768,0.277346664,0.36899088,2894667,2432814.3,3302173.69,1558192.75,1099818.93,430118.8723,220935.9118,144703.5184,174436.3477,164320.4407,736097.3558,2101132.81
1822,151721.69,5254945-4,5254945,38898.10467,74371.00357,61323.41616,39047.34578,29760.14499,23673.06502,19641.10852,11868.33799,18723.64268,29102.01617,34063.67138,34653.29609,0.352635312,0.458882496,0.423358056,0.353162616,0.318357504,0.2926842,0.273929856,0.231699816,0.269415768,0.315708792,0.33503616,0.337242912,13716.84528,34127.55175,25961.76225,13790.06278,9474.365478,6928.732097,5380.286027,2749.891729,5044.444574,9187.762369,11412.56166,11686.57848
2389,36940.63,3117554-4,3117554,6549.482747,3290.644115,16348.01783,42526.37621,26435.24882,17730.33301,10275.61731,6542.143021,12360.09968,22349.46765,24769.13087,13390.10799,0.23178516,0.18960084,0.317949072,0.466063584,0.383054352,0.3278124,0.269010384,0.231702864,0.2870454,0.35839908,0.373233696,0.2954274,1518.072907,623.9088883,5197.837097,19819.99531,10126.13711,5812.223017,2764.247758,1515.833275,3547.909756,8010.028644,9244.674261,3955.804788
1832,62884.74,5289470-4,5289470,797.5836293,934.5918601,1088.72612,993.3096733,721.7397873,398.7918147,244.657555,151.6876841,105.2027487,75.84384205,264.2301594,704.6137584,0.209751168,0.219916248,0.23055072,0.22405848,0.203770992,0.174107856,0.155801568,0.14194536,0.133478016,0.127180848,0.158380176,0.202378056,167.2940978,205.5319353,251.0065908,222.5594556,147.0696324,69.43278784,38.11803069,21.53136293,14.04225417,9.645884147,41.84881915,142.5983627
1823,1599618.71,5255000-4,5255000,48314.97396,95668.44373,37153.6963,16345.57125,12462.85585,7440.036248,4946.975762,3126.723553,2373.178284,8445.578799,20516.98256,18975.63997,0.37290756,0.494870232,0.336596736,0.25086564,0.229825296,0.197278752,0.177155856,0.159175704,0.15029688,0.204468984,0.270988536,0.263798304,18017.01905,47343.46494,12505.81291,4100.542193,2864.279535,1467.761066,876.3857257,497.6984227,356.6812917,1726.858916,5559.867068,5005.74164
1866,167809.98,5319039-4,5319039,9999.154273,57582.60214,71092.59233,40828.45278,26188.14469,17023.27268,10796.7379,7594.170507,7449.82255,7985.622595,7073.049915,20516.98256,0.242416584,0.470029032,0.514557264,0.407276808,0.34146744,0.290873688,0.248588784,0.222241872,0.220943424,0.225713544,0.217493088,0.311389776,2423.960822,27065.49475,36581.2098,16628.48192,8942.398725,4951.622105,2683.947946,1687.74267,1645.989302,1802.463177,1538.339468,6388.778604
1883,280083.75,5756558-4,5756558,31299.04101,70143.32102,17417.17134,16096.02054,11868.33799,6791.693727,4225.235975,2911.424905,1759.08782,1323.597373,4582.436005,11777.8147,0.36326064,0.507296928,0.291242496,0.283150056,0.254895096,0.213622128,0.186973464,0.17029176,0.152381712,0.144197832,0.191066928,0.254239776,11369.70967,35583.49127,5072.620454,4557.589118,3025.181152,1450.856067,790.0070064,495.7916711,268.0528136,190.8598716,875.5519703,2994.388971
1868,36785.42,5319334-4,5319334,1969.493318,2378.071435,4291.293515,3342.022201,2422.109795,1396.994639,883.2137736,577.3918298,352.3068792,398.7918147,2148.093333,2938.337236,0.23960328,0.254931672,0.314178696,0.286804608,0.256507488,0.215329008,0.189110112,0.169892472,0.152381712,0.156353256,0.246470424,0.274063968,471.8970589,606.245727,1348.233001,958.5073674,621.289299,300.8134698,167.0246556,98.09452528,53.6851254,62.35239869,529.4414746,805.2923621
2406,1884099.49,3811084-4,3811084,54634.47861,59111.71186,88725.06232,137969.735,90836.45702,57585.04872,33185.35076,22207.56627,48611.0096,65499.72062,78207.23403,62042.70937,0.385011168,0.397440912,0.470467944,0.569927232,0.47519844,0.39325296,0.317324232,0.27442668,0.367509552,0.414433512,0.446071752,0.405341328,21034.88442,23493.41267,41742.29765,78632.70916,43165.34267,22645.49086,10530.51594,6094.348682,17865.01036,27145.27925,34886.0379,25148.47421
1861,701724.80,5315681-4,5315681,8159.329459,56378.88697,13752.20117,10070.10496,7048.58416,4232.575702,2735.271465,1905.882353,1269.77271,846.5151403,3437.438648,8783.206225,0.286426656,0.631064016,0.347895672,0.309176928,0.272040096,0.229800912,0.2017014,0.182901336,0.165655752,0.15177516,0.215594184,0.294104568,2337.049452,35578.68683,4784.331266,3113.444117,1917.497511,972.6497563,551.7080839,348.5884287,210.3451532,128.4799709,741.0917803,2583.181072
1848,388444.68,5308921-4,5308921,2331.586499,2659.427623,6762.33482,5169.614137,3701.668807,2165.219362,1282.005588,802.4767804,560.265801,1196.375444,3368.934532,4249.70173,0.226911408,0.236527848,0.327952608,0.296856912,0.263886696,0.22178772,0.19074384,0.16943832,0.156334968,0.187256928,0.255599184,0.276810216,529.0635754,629.0286925,2217.72534,1534.635689,976.8211512,480.2190655,244.5346688,135.9703175,87.58913606,224.0295904,861.0969174,1176.360854
2295,501717.36,5320893-1,5320893,3112.0441,4208.109946,7041.244433,5795.937478,4252.148306,2382.964586,1553.575474,932.1452846,621.4301897,413.471268,2510.186514,4450.320925,0.213731856,0.234537504,0.278715216,0.260579616,0.235317792,0.19790664,0.176793144,0.1571244,0.144895824,0.134992872,0.20081748,0.238777272,665.1429614,986.9596033,1962.501963,1510.303162,1000.606151,471.6045144,274.6614925,146.4627685,90.0426394,55.81567395,504.0893301,1062.63549
1844,692868.22,5293103-4,5293103,52574.46199,110587.6614,47018.28892,31957.16983,24656.58839,14743.06426,9659.080271,6228.98135,3268.624935,6282.806012,13196.82852,28245.71472,0.20921472,0.264999216,0.202582272,0.182450232,0.171072048,0.152652984,0.140857224,0.131118864,0.120356376,0.131289552,0.149303232,0.176838864,10999.35135,29305.64358,9525.071795,5830.59305,4218.053073,2250.572753,1360.551233,816.7369585,393.3998517,824.8667867,1970.32915,4994.940105
2402,266340.70,3711172-5,3711172,3315.10987,3855.803067,5539.047045,4557.97025,3762.833196,2943.230387,1940.134411,1580.487805,2133.41388,6838.178662,3557.32085,3527.961943,0.2314956,0.242983512,0.274582128,0.25682448,0.241063272,0.223080072,0.197452488,0.18678144,0.202804776,0.2959608,0.236744256,0.236116368,767.4333485,936.8965708,1520.923325,1170.598339,907.0808822,656.5760466,383.0843665,295.2057882,432.666524,2023.832827,842.1752779,833.0095604
1855,323643.86,5310333-4,5310333,81006.11646,160776.7123,135968.4362,72222.91024,50431.26181,32324.15617,21407.53606,14855.60674,15217.69992,13292.24496,45131.97917,74385.68302,0.474850968,0.642073392,0.595405464,0.452335392,0.390119616,0.327824592,0.281869896,0.248738136,0.250731528,0.239868456,0.37316664,0.45799248,38465.83282,103230.449,80956.34984,32668.97841,19674.22449,10596.65331,6034.139964,3695.15593,3815.557154,3188.390276,16841.74902,34068.08344
2342,2095439.81,1911278-4,1911278,75317.82831,116312.6482,147066.1029,98276.49327,65206.13156,42528.82279,26100.06797,18185.39606,22564.7663,50130.33302,79154.05877,87036.92519,0.230526336,0.265962384,0.288776664,0.251243592,0.220464888,0.194788536,0.17177004,0.158194248,0.165984936,0.203984352,0.234174792,0.241422936,17362.743,30934.78921,42469.25858,24691.33918,14375.66249,8284.127128,4483.209719,2876.825055,3745.41129,10225.8035,18535.88525,21012.71002
2334,158709.57,1731923-4,1731923,103328.6718,172740.4667,81204.28908,44569.26679,39590.48555,23910.38285,15261.73828,13487.97101,16737.02334,28928.3093,45880.63129,57320.81856,0.64955928,0.823853064,0.58283856,0.449479416,0.427808136,0.34939224,0.295217088,0.282439872,0.305324256,0.3765804,0.454996296,0.500295672,67118.09764,142312.7628,47328.99091,20032.96801,16937.13183,8354.102223,4505.525933,3809.540805,5110.219198,10893.83429,20875.51729,28677.35744
2365,544105.63,2544471-4,2544471,36710.86613,64188.35613,68748.77296,43700.73247,30266.58613,19352.4126,12127.675,8306.123992,10243.81183,24583.19113,37439.94564,40013.74312,0.368743992,0.463643472,0.477365568,0.39538656,0.341979504,0.289556952,0.2465832,0.21880068,0.233498136,0.316050168,0.371630448,0.381606552,13536.91133,29760.5123,32818.29705,17278.68228,10350.55211,5603.625606,2990.48091,1817.385578,2391.910967,7769.521685,13913.82377,15269.50654
1856,71209.56,5310975-4,5310975,42724.54883,49790.25902,96536.97805,71789.86636,48633.02878,31433.60267,18691.8372,14053.12996,12641.45587,11596.76811,40975.24731,46893.51357,0.369490752,0.392814048,0.51870864,0.456898248,0.389104632,0.328062336,0.27160728,0.24664416,0.238298736,0.231840024,0.36344352,0.38345364,15786.32568,19558.3132,50074.5646,32800.66417,18923.33677,10312.18112,5076.839061,3466.122434,3012.442954,2688.594996,14892.18812,17981.48847
2392,168067.88,3124871-4,3124871,1037.348033,1037.348033,2524.865968,2096.715246,1609.846712,907.6795291,540.6931966,322.9479726,636.109643,797.5836293,1541.342597,1690.583705,0.126104904,0.126104904,0.145487136,0.14064996,0.134541768,0.123904248,0.116714016,0.111273336,0.118759224,0.12192,0.133615176,0.135608568,130.8146741,130.8146741,367.3355184,294.9029155,216.5916228,112.4653495,63.10647439,35.93549827,75.54388758,97.24139608,205.9467623,229.2576353
2347,170548.24,1923525-4,1923525,7276.115686,3669.863325,12932.59836,47818.31912,49981.09191,41486.5816,22562.31972,17463.65628,33584.14257,43597.9763,41232.13774,14848.26701,0.20590764,0.171806616,0.245879112,0.398132808,0.405362664,0.376037856,0.298100496,0.272143728,0.3461004,0.383572512,0.37511736,0.257437128,1498.207809,630.5067991,3179.8558,19038.04167,20260.46857,15600.5252,6725.8387,4752.624523,11623.48518,16722.98529,15466.89066,3822.495216
1872,217322.76,5320891-4,5320891,2052.676886,2759.73722,4538.397645,3731.027714,2759.73722,1546.235748,1007.989127,604.3041609,403.6849658,269.1233105,1575.594654,2842.920789,0.136407144,0.143624808,0.158627064,0.152241504,0.143624808,0.130481832,0.123069096,0.116153184,0.111879888,0.108414312,0.13085064,0.14441424,279.9997916,396.3667284,719.9126937,568.0172706,396.3667284,201.7556731,124.0523106,70.19185239,45.16422876,29.17681855,206.1675689,410.5582451
2377,1343934.87,2695718-4,2695718,233019.1951,337798.6862,178460.5603,95800.55881,84595.24279,53565.32509,31494.76706,21710.91143,19658.23454,49746.22066,92059.7448,133492.5017,0.544619688,0.64283844,0.485107488,0.375080784,0.357115872,0.300423072,0.249698256,0.221790768,0.215225376,0.292473888,0.369198144,0.429231552,126906.8413,217149.9805,86572.55414,35932.94871,30210.3039,16092.25952,7864.188407,4815.27972,4230.950921,14549.47057,33988.28692,57299.1937
2277,135148.74,5314941-1,5314941,3400.740015,4844.219589,7687.140378,6307.271768,4971.441518,2793.989278,1688.13713,1093.619271,738.8658161,526.0137433,2179.898815,4406.282566,0.233909616,0.262825992,0.30973776,0.288221928,0.265163808,0.220044264,0.190457328,0.17059656,0.156197808,0.145929096,0.204481176,0.254541528,795.4657909,1273.186819,2380.997642,1817.894029,1318.246364,614.8013143,321.518087,186.5676856,115.4092209,76.76071004,445.7482733,1121.581897
2393,3021669.57,3124884-4,3124884,37307.83056,60841.44078,63065.37795,60579.65719,41802.18985,27952.12566,16810.4206,12475.08873,28306.87911,37968.40596,44843.28326,40099.37326,0.361712256,0.441097416,0.447778632,0.440301888,0.37837872,0.323661024,0.269315184,0.243635784,0.325203312,0.364217712,0.38918388,0.372166896,13494.69956,26837.00231,28239.32867,26673.33744,15817.05909,9047.013614,4527.301518,3039.378023,9205.49084,13828.76595,17452.28297,14923.65928
1825,533172.24,5272565-4,5272565,31555.93144,36050.29073,48219.55751,81451.39321,52990.37984,33510.74531,19232.5304,12245.11063,26273.77483,39945.239,46054.33815,34491.8221,0.33422844,0.351827592,0.394886688,0.491465616,0.410343096,0.342019128,0.278684736,0.239316768,0.311959752,0.36626292,0.387635496,0.345847416,10546.88974,12683.48698,19041.26136,40030.55914,21744.23652,11461.31589,5359.812657,2930.460299,8196.360281,14630.45988,17852.29621,11928.90755
2122,489551.63,2718182-4,2718182,61264.69835,106176.4857,44229.19279,20357.95515,20428.90584,12453.06955,6202.069019,3811.764707,2578.69063,10143.50223,22816.76358,29921.61898,0.21285708,0.253163832,0.19397472,0.160215072,0.160336992,0.145002504,0.129223008,0.121200672,0.116101368,0.139738608,0.16434816,0.175238664,13040.6248,26880.04599,8579.345288,3261.65125,3275.509313,1805.726267,801.4500145,461.988444,299.3895098,1417.438882,3749.893111,5243.424534
1870,484719.24,5320223-4,5320223,30315.51764,73663.94323,35910.83592,18728.53584,13133.21755,7797.236278,4991.014122,3395.846863,2395.197463,1595.167259,13500.20388,15596.91913,0.202643232,0.268083792,0.212869272,0.178128168,0.1636776,0.146825208,0.135684768,0.127973328,0.1222248,0.116744496,0.164704776,0.17033748,6143.234474,19748.10924,7644.3135,3336.079778,2149.613529,1144.830838,677.2045932,434.5778245,292.7525309,186.2269976,2223.548057,2656.739901
2128,371433.01,3117519-4,3117519,8609.49936,4619.134638,33701.5782,44779.67229,31218.30402,21414.87579,13426.80662,10199.77347,20580.59353,27753.95304,30746.11494,17576.19875,0.217127328,0.182462424,0.34814256,0.389540496,0.338020152,0.293757096,0.249899424,0.228724968,0.289584384,0.323243448,0.336054192,0.2738628,1869.357592,842.8185029,11732.95371,17443.49576,10552.41587,6290.771723,3355.35124,2332.94286,5959.818499,8971.283476,10332.36081,4813.467003
2419,501822.62,5105228-4,5105228,105430.2802,178641.6069,83856.37698,46254.95735,39221.05264,23328.09787,14593.82316,9813.214531,10366.14061,9343.472025,34577.45225,57969.16108,0.307652928,0.376696224,0.283195776,0.231946704,0.220376496,0.18990564,0.168761664,0.154554936,0.156344112,0.152997408,0.212195664,0.249512328,32435.9344,67293.61878,23747.77175,10728.6849,8643.398151,4430.137356,2462.87788,1516.680744,1620.685048,1429.527002,7337.185439,14464.02033
1840,110764.95,5292220-4,5292220,29001.70657,72173.97873,48816.52195,28901.39697,24025.3719,14354.05875,8876.176095,6233.874501,2725.485163,6285.252588,16027.51643,19408.68384,0.324538848,0.468108792,0.397965168,0.324115176,0.30260544,0.252688344,0.2169414,0.195907152,0.159675576,0.19635216,0.262259064,0.280257504,9412.18044,33785.27399,19427.27536,9367.381366,7270.208235,3627.103336,1925.610069,1221.260599,435.1934132,1234.122922,4203.361457,5439.429288
2349,1625189.94,2490265-4,2490265,131635.5509,214740.8292,100693.7099,54064.4265,46582.79847,27873.83524,16854.45896,11860.99827,10782.05845,22848.56906,49127.23704,69127.99217,0.454904856,0.56200548,0.407039064,0.318997584,0.30188916,0.252270768,0.215167464,0.194544696,0.189579504,0.236415072,0.307844952,0.3503676,59881.65132,120685.5228,40986.27343,17246.42144,14062.8419,7031.753823,3626.531192,2307.494302,2044.057293,5401.7461,15123.57193,24220.20871
1826,303768.35,5273941-4,5273941,3877.822247,4232.575702,4707.211358,3598.912634,3014.181078,1688.13713,1081.386393,675.2548518,403.6849658,337.6274259,1081.386393,3244.159179,0.249137424,0.25651968,0.265956288,0.243111528,0.22971252,0.193755264,0.1727454,0.155323032,0.140662152,0.136437624,0.1727454,0.235116624,966.1106453,1085.738965,1251.91246,874.9371496,692.3951311,327.0854552,186.804525,104.882631,56.78319601,46.06508379,186.804525,762.755754
2362,164435.76,2528625-4,2528625,68122.44961,190382.723,141673.8504,89549.55828,57996.07341,36703.5264,24389.91166,17590.8782,16154.73836,16903.39047,32808.57813,75525.78723,0.198689976,0.274682712,0.24844248,0.21505164,0.190115952,0.169383456,0.154676856,0.145011648,0.142756128,0.1439418,0.165024816,0.204584808,13535.24788,52294.84267,35197.80274,19257.77937,11025.97871,6216.970149,3772.554853,2550.882238,2306.187897,2433.104451,5414.229568,15451.42868
2413,834304.17,4972018-4,4972018,40755.05551,72988.68838,72807.64179,66796.40567,48361.4589,32417.12604,22073.00461,16940.08911,26131.87345,38795.3485,44319.71609,43081.74886,0.224308416,0.271567656,0.27133296,0.263402064,0.236704632,0.209394552,0.18809208,0.175756824,0.19691604,0.220943424,0.230242872,0.228209856,9141.701946,19821.36702,19755.11296,17594.31112,11447.38133,6787.969584,4151.757349,2977.33626,5145.785037,8571.577132,10204.29872,9831.679704
2123,839126.02,2718204-4,2718204,35039.85503,68313.28251,15724.14106,11555.17632,10510.48856,5808.170356,3770.172923,2258.189233,1551.128899,1108.298724,12768.6778,13187.04221,0.41234868,0.547798752,0.302023272,0.27063192,0.261963408,0.216584784,0.191447928,0.168228264,0.15480792,0.144865344,0.280251408,0.283467048,14448.63797,37421.9309,4749.056532,3127.199554,2753.363404,1257.961322,721.7917942,379.8912544,240.1270385,160.5540759,3578.43993,3738.091928
2416,708065.59,5105134-4,5105134,8408.880165,43659.14069,9206.463795,7104.855397,5813.063507,3214.800273,1935.24126,1252.646682,910.1261046,748.6521183,4692.531905,7714.052709,0.29233368,0.569607192,0.302111664,0.275359368,0.257028696,0.213030816,0.184909968,0.16616172,0.154902408,0.148900896,0.239505744,0.283457904,2458.198883,24868.56053,2781.380097,1956.388492,1494.124133,684.8515254,357.8453995,208.1419272,140.9807252,111.4749712,1123.888345,2186.609212
2071,478901.70,3663582-1,3663582,7899.992451,3963.452391,16259.94111,49653.25079,44212.06676,30249.4601,18904.68927,13069.60659,25647.45149,32475.84385,35213.56189,16061.76849,0.193188336,0.162769296,0.239520984,0.357253032,0.341519256,0.2963418,0.251645928,0.22358604,0.27936444,0.304117248,0.313346592,0.238576104,1526.186396,645.1283554,3894.597093,17738.77439,15099.27215,8964.179455,4757.288076,2922.181581,7164.985923,9876.464258,11034.04961,3831.954149
1818,522667.75,5227879-4,5227879,0,0,0,0,0,0,0,0,0,0,0,0,0,0,0,0,0,0,0,0,0,0,0,0,0,0,0,0,0,0,0,0,0,0,0,0
2368,941924.00,2545299-4,2545299,101510.8661,97359.02744,127657.419,290814.6493,229775.0359,180554.829,96999.38083,73343.44184,127089.8135,159360.145,189590.0325,119887.0951,0.33011364,0.324935088,0.36066984,0.50689764,0.458346048,0.414567624,0.324480936,0.2926842,0.360038904,0.394002768,0.422989248,0.35192208,33510.12152,31635.36415,46042.1809,147413.2594,105316.4796,74852.18647,31474.44988,21466.4666,45757.27717,62788.33825,80194.54528,42190.91587
2375,387909.16,2695516-4,2695516,53350.02644,94721.61899,39022.88002,18085.08647,14023.77105,7958.710264,4709.657934,2752.397494,7053.477311,16600.01511,23276.71978,27707.4681,0.316876176,0.396307056,0.282772104,0.219483432,0.203630784,0.175150272,0.15541752,0.14017752,0.17010888,0.213899496,0.237475776,0.251386848,16905.35237,37538.84596,11034.58189,3969.376845,2855.671494,1393.970268,731.9633561,385.8242547,1199.859125,3550.734865,5527.657093,6965.293073
2331,481680.97,1305183-4,1305183,61714.86825,188983.2818,128251.9369,82195.15218,48151.0534,31497.21363,21365.94428,14405.43684,15592.02598,17050.18501,17500.35491,65641.62201,0.341738712,0.542827464,0.459324456,0.382456944,0.311152032,0.267330936,0.235049568,0.208410048,0.213323424,0.219123768,0.220867224,0.349989648,21090.35959,102585.3156,58909.25115,31436.10671,14982.29811,8420.179601,5022.055972,3002.237783,3326.144369,3736.100784,3865.254808,22973.88818
1831,657419.74,5289046-4,5289046,8753.847318,52266.19347,11826.74621,10838.32969,8526.315792,4682.745603,2828.241336,1746.854943,1213.501473,866.0877447,2994.608473,8254.745906,0.259838952,0.522308328,0.288566352,0.279754584,0.257534664,0.212960712,0.185016648,0.16447008,0.152073864,0.142551912,0.187823856,0.254748792,2274.590513,27299.06812,3412.801009,3032.072413,2195.821873,997.2408377,523.2717317,287.3053722,184.5418579,123.462464,562.4589106,2102.886548
2125,1607847.55,2718390-4,2718390,47732.68898,92218.77221,37909.68815,19526.11946,15748.60682,8638.858267,5355.553879,3148.742733,2204.364571,1573.148079,5820.403233,17324.20147,0.430328832,0.571125096,0.391597896,0.30323028,0.280656792,0.229694232,0.199269096,0.173397672,0.159703008,0.14892528,0.204027024,0.290349432,20540.7523,52668.45513,14845.35412,5920.910673,4419.953467,1984.295915,1067.19638,545.9846596,352.0436526,234.2815181,1187.51955,5030.072057
2411,531773.25,4929687-4,4929687,62103.87376,78493.48337,102501.7292,128452.5561,86623.45392,58443.79674,37312.72371,29718.55321,53467.46207,68401.35923,83163.9961,70275.4361,0.355765608,0.390430512,0.4355592,0.479045016,0.406356312,0.34745676,0.29372052,0.270985488,0.335758536,0.369542568,0.399669,0.373523256,22094.42241,30646.2509,44645.57119,61534.55679,35199.98727,20306.69226,10959.51261,8053.296643,17952.15679,25277.21394,33238.07116,26249.50971
1973,163961.48,2683948-1,2683948,317692.7283,441301.0648,248603.8814,139090.2666,111140.5875,64457.47944,39592.93213,27386.96671,24558.72537,29048.19151,108305.0064,178511.9384,0.30812232,0.348947232,0.281979624,0.232096056,0.216587832,0.185793888,0.164863272,0.152265888,0.148989288,0.154116024,0.214917528,0.251661168,97888.2205,153990.7851,70101.22899,32282.3023,24071.6989,11975.80572,6527.420338,4170.100805,3658.987007,4476.791779,23276.64426,44924.52293
1845,900828.91,5293160-4,5293160,123383.2516,191358.9066,418481.8547,268519.0063,181464.9551,110815.193,65646.51516,47779.17392,37310.27714,37224.64699,83367.06187,151049.1279,0.380140464,0.455230992,0.641311392,0.526423128,0.44519088,0.364275624,0.29867352,0.266901168,0.245620032,0.245437152,0.3263646,0.41259252,46902.9665,87112.5049,268377.1807,141354.6152,80786.54306,40367.27356,19606.87576,12752.31732,9164.151464,9136.311342,27208.0578,62321.74032
1814,629827.21,5227588-4,5227588,64433.01368,119273.0046,50125.43987,27298.88999,21666.87307,13108.7518,8379.521259,4159.178435,2977.482444,5815.510082,13128.3244,32656.89044,0.34478976,0.44179236,0.313483752,0.252950472,0.234595416,0.201667872,0.178896264,0.152524968,0.143009112,0.163927536,0.201753216,0.26881836,22215.84332,52693.9022,15713.51096,6905.267107,5082.949101,2643.614079,1499.065047,634.3785577,425.8071204,953.3222384,2648.681669,8778.771731
1801,326189.96,5224802-4,5224802,4281.507213,4971.441518,6764.781396,4991.014122,4049.082535,2280.208413,1465.498754,895.4466513,675.2548518,1954.813864,3943.879787,4922.510007,0.26249376,0.276404832,0.308820312,0.276785832,0.257574288,0.214582248,0.189353952,0.167405304,0.157188408,0.20511516,0.255303528,0.275450808,1123.868927,1374.130457,2089.101901,1381.441996,1042.939551,489.2922471,277.4979808,149.9025189,106.1422351,400.9619586,1006.886424,1355.909359
2374,1065167.89,2684682-4,2684682,28331.34487,54729.89505,12382.11886,9431.548745,7765.430796,4504.145588,2551.778299,1504.643963,1059.367213,6882.217022,7070.60334,10273.17073,0.348380304,0.454849992,0.25790652,0.235848144,0.221937072,0.189805056,0.16485108,0.147520152,0.138421872,0.213993984,0.215725248,0.242434872,9870.082538,24893.89233,3193.429185,2224.413267,1723.436974,854.9096055,420.6634085,221.9653062,146.6395928,1472.753039,1525.307659,2490.574832
1842,1429701.28,5292257-4,5292257,773303.8135,1333234.434,1508463.068,1021660.591,763886.9442,434851.8917,252188.1145,189154.5421,137003.3376,126086.7175,425053.3566,825494.1632,0.495921792,0.630725688,0.667097472,0.559981608,0.493315752,0.390064752,0.315687456,0.28428696,0.254334264,0.247418352,0.38650164,0.510104136,383498.213,840905.21,1006291.9,572111.1405,376837.4623,169620.3953,79612.62431,53774.16974,34844.64305,31196.16786,164283.8194,421087.9869
1815,782420.78,5227641-4,5227641,47091.68619,95536.32865,38734.18411,21236.27577,14329.593,8019.874653,4876.025071,2862.493394,2223.937175,1587.827532,2108.948124,15946.77943,0.5450586,0.750704112,0.500609616,0.389513064,0.333804768,0.270202152,0.2292858,0.195958968,0.18316956,0.168560496,0.180688488,0.347816424,25667.72854,71719.51476,19390.70503,8271.806845,4783.286466,2166.98739,1118.003309,560.9312513,407.3575938,267.6449963,381.0626478,5546.551797
1810,199326.52,5227484-4,5227484,140487.2612,233469.365,117396.4812,62240.88199,50546.25086,31162.03278,20309.02364,13607.85321,14625.62864,13554.02855,24000.90615,72242.48284,0.534000456,0.670221672,0.493986312,0.379570488,0.349690944,0.291772848,0.251557536,0.22137624,0.226350576,0.221111064,0.266169648,0.403085808,75020.26156,156476.2282,57992.25479,23624.80195,17675.56618,9092.235054,5108.887946,3012.455378,3310.519467,2996.945674,6388.31274,29119.91957
2383,1314217.15,2717932-4,2717932,69521.89083,140130.0612,65485.04117,39509.74856,30386.46833,19051.48381,11907.4832,8832.137736,7858.400667,8567.907576,5798.384054,34951.77831,0.348572328,0.463363056,0.340614,0.282577032,0.258037584,0.222019368,0.19374612,0.179112672,0.173992032,0.177750216,0.162068256,0.27069288,24233.40733,64931.0934,22305.12181,11164.54748,7840.850874,4229.798394,2307.028669,1581.947789,1367.2991,1522.947422,939.7339912,9461.197531
2396,147354.40,3126800-4,3126800,5115.789475,2586.030356,8655.984296,23993.56642,16071.55479,12751.55177,5842.422413,3518.175641,12130.12158,21510.29224,20805.67848,10366.14061,0.18513552,0.157438344,0.214493856,0.301054008,0.261369048,0.242017296,0.191792352,0.168703752,0.23814024,0.289386264,0.285960312,0.226600512,947.1143447,407.1403368,1856.655449,7223.359337,4200.606975,3086.096078,1120.531936,593.5294308,2888.670064,6224.783108,5949.598309,2348.972769
1885,2318877.72,8994646-4,8994646,535146.8098,757381.4999,475100.5061,270877.5052,219643.7666,128924.7452,82315.03438,56518.34178,49154.14938,42832.19815,176150.993,326701.0195,0.284768544,0.323404992,0.27308556,0.226887024,0.21288756,0.183590184,0.164598096,0.15182088,0.147687792,0.143905224,0.199741536,0.240788952,152392.9778,244940.9579,129743.0878,61458.59102,46759.42554,23669.31769,13548.89793,8580.664385,7259.467789,6163.77707,35184.66991,78665.9961
1830,186048.77,5273981-4,5273981,52970.80723,101327.373,41432.75694,19873.53319,17196.97954,9617.488487,5839.975838,3434.992072,2747.504343,1715.049461,6657.132072,19359.75233,0.46471332,0.617140752,0.419377368,0.314273184,0.297984672,0.243821712,0.20895564,0.180725064,0.171026328,0.153972768,0.217234008,0.311228232,24616.23969,62533.25116,17375.96055,6245.718554,5124.436308,2344.952508,1220.295889,620.7891621,469.8955789,264.0709127,1446.155482,6025.301489
2207,1474743.49,5254954-1,5254954,212308.9331,385404.1532,253763.7092,143591.9656,120258.9746,70784.32381,46482.48887,30973.64646,43284.81463,86914.59641,114396.9796,149422.1551,0.448363848,0.58035444,0.483568248,0.381917448,0.356042976,0.291760656,0.252182376,0.221507304,0.246305832,0.314541408,0.349181928,0.388065264,95191.6502,223671.0115,122712.0723,54840.27706,42817.3632,20652.08075,11722.06449,6860.888923,10661.30228,27338.23953,39945.35788,57985.54808
1862,535985.44,5317718-4,5317718,153463.8979,219017.4432,331131.7678,185920.1692,121477.3692,79300.8533,49834.29738,36277.82226,37503.55661,45863.50526,141889.149,188652.9941,0.484165656,0.565275984,0.680950632,0.5260086,0.438625488,0.368786664,0.30871668,0.27540204,0.27863292,0.299453808,0.468252048,0.529367496,74301.94882,123805.3007,225484.3866,97795.60791,53283.07035,29245.09714,15384.67884,9990.986256,10449.72549,13734.0013,66439.88462,99866.76309
2290,2535003.98,5320225-1,5320225,37339.63604,89353.83224,45039.0093,23668.17187,16541.29729,9974.688517,6353.756703,4264.381184,3134.06328,5732.326514,15963.90546,19648.44824,0.378433584,0.54606444,0.408206448,0.317275464,0.278593296,0.235113576,0.205060296,0.183867552,0.170310048,0.199153272,0.27514296,0.296262552,14130.57229,48792.95036,18385.21401,7509.330212,4608.294533,2345.184687,1302.90323,784.081329,533.7624676,1141.611581,4392.356202,5821.099419
1846,407772.73,5308220-4,5308220,6150.690933,4073.548291,37895.00869,21835.68678,13395.00114,8333.036323,5064.411389,3596.466059,2184.791966,1445.92615,13595.62033,12663.47505,0.225171,0.199394064,0.438473088,0.3510534,0.2923032,0.24812244,0.212311488,0.19264884,0.169706544,0.154804872,0.293875968,0.286478472,1384.957228,812.2413486,16615.94148,7665.492087,3915.401696,2067.613305,1075.232718,692.8550143,370.7734939,223.8364126,3995.426085,3627.812982
2124,2168908.11,2718346-4,2718346,283430.8843,470598.807,271381.4997,160681.2958,125252.4353,74667.03921,46362.60667,31421.36979,28940.54218,25796.6926,74960.62828,170037.0007,0.44156376,0.548950896,0.43363896,0.3511296,0.319271904,0.265163808,0.226896168,0.202094592,0.197473824,0.191344296,0.265520424,0.358975152,125152.807,258335.6368,117681.5913,56419.95913,39989.58349,19798.99645,10519.49779,6350.088908,5714.999533,4936.049985,19903.5778,61039.05818
2346,2195709.07,1923523-4,1923523,9911.077553,4927.403158,16785.95485,64068.47393,68905.35379,56670.02946,30574.85465,24375.2322,44630.43118,56630.88426,54715.2156,20174.46199,0.211762848,0.175253904,0.249780552,0.4112514,0.423751248,0.391238232,0.308192424,0.28390596,0.355835712,0.391131552,0.385748784,0.265758168,2098.798009,863.54664,4192.805068,26348.2496,29198.72966,22171.48214,9422.938568,6920.273699,15881.10126,22150.12565,21106.32788,5361.528058
2187,318053.15,5227480-1,5227480,6564.162201,37129.23055,7599.063658,5976.984069,4871.13192,2705.912558,1715.049461,1039.794609,675.2548518,562.7123765,1969.493318,5345.767577,0.30454092,0.622368072,0.321560952,0.294320976,0.273698208,0.225512376,0.197229984,0.17314164,0.156929328,0.151122888,0.20509992,0.28279344,1999.055996,23108.04763,2443.562144,1759.151785,1333.220077,610.2167703,338.2591777,180.0317438,105.9672901,85.03871945,403.9429219,1511.748002
2256,863615.49,5309040-1,5309040,133830.1292,282136.6459,184665.0759,113587.1631,91475.01324,53812.42922,32612.85208,22865.69509,21527.41826,19513.88659,48138.82052,98731.55632,0.39043356,0.534475944,0.445702944,0.365711232,0.336203544,0.276734016,0.234065064,0.209998056,0.206340456,0.200631552,0.266236704,0.34622232,52251.77376,150795.2501,82305.768,41540.10134,30754.22364,14891.72965,7633.52931,4801.751518,4441.977301,3915.101351,12816.32091,34183.06849
2348,528243.40,1923527-4,1923527,7085.282793,3601.35921,12313.61474,46289.20941,46866.60124,39057.13208,21307.22646,16382.26988,31810.3753,41626.03641,39541.55404,14476.38753,0.201494136,0.169045128,0.238158528,0.385224528,0.387147816,0.360102912,0.286886904,0.261759192,0.33262824,0.369256056,0.361849416,0.25109424,1427.642935,608.7922286,2932.592362,17831.73884,18144.30231,14064.587,6112.764233,4288.209728,10581.02915,15370.66603,14308.08824,3634.937525
1819,14712189.38,5253183-4,5253183,186563.6186,283702.4542,156632.2133,93588.85451,84617.26197,46289.20941,27996.16402,20526.76886,23401.49514,52317.57156,80423.83148,105386.2418,0.239325912,0.27555444,0.226438968,0.19475196,0.189500256,0.16332708,0.14708124,0.139016232,0.142259304,0.167981376,0.186958224,0.201308208,44649.50816,78175.47089,35467.63673,18226.61285,16034.99281,7560.281408,4117.710519,2853.554063,3329.080411,8788.37766,15035.8967,21215.11549
1876,938400.44,5324085-4,5324085,120882.8513,205835.2942,275430.5823,152331.1335,98873.4577,62598.08202,40652.29934,29601.11758,30031.71488,22273.62381,100260.666,145015.8726,0.429170592,0.538639512,0.613010712,0.472955112,0.395243304,0.330320904,0.28190952,0.252776736,0.253998984,0.23052024,0.397477488,0.463183224,51879.36488,110871.0224,168841.8973,72045.78829,39079.0721,20677.45504,11460.27019,7482.473884,7628.025066,5134.521106,39851.35768,67168.91939
2405,1711036.34,3811081-4,3811081,61110.56409,75704.38724,94790.12311,94677.58063,68545.70718,40356.2637,25207.06789,17749.90562,30476.99163,39296.89648,57394.21583,60347.23252,0.47749968,0.523686024,0.578169024,0.577864224,0.501606312,0.401662392,0.333631032,0.292909752,0.359048304,0.397346424,0.464932776,0.474948504,29180.2748,39645.32955,54804.71296,54710.78666,34382.95938,16209.59341,8409.860074,5199.120452,10942.71215,15614.48129,26684.45209,28661.8278
2424,4466240.95,5191908-4,5191908,100356.0825,185814.9664,92539.2736,56868.20208,42778.37349,26826.70091,16296.63974,11655.48592,10963.10504,11728.88319,12971.74357,50411.68921,0.431386488,0.561941472,0.417167568,0.343543128,0.308530752,0.261445248,0.222507048,0.201555096,0.198113904,0.201911712,0.20784312,0.328074528,43292.25797,104417.1358,38604.38371,19536.68003,13198.44374,7013.713471,3626.117201,2349.222584,2171.943539,2368.198884,2696.087655,16538.79114
2254,1575859.63,5308919-1,5308919,34790.30432,74642.57345,58720.25978,31832.39448,22760.49234,14535.10534,9375.277508,6422.260819,6657.132072,13292.24496,27607.15851,32571.2603,0.399312384,0.5519166,0.497140992,0.385242816,0.337721448,0.286073088,0.246177816,0.21848064,0.220879416,0.27716988,0.364028736,0.388812024,13892.19936,41196.47536,29192.2482,12263.20129,7686.706431,4158.10247,2307.985341,1403.139654,1470.423444,3684.209941,10049.79902,12664.09764
2376,2670677.62,2695542-4,2695542,99993.9893,159509.3861,75012.00636,38871.19234,32732.73428,19623.98249,12105.65582,7581.937629,8643.751418,23423.51432,41520.83366,53350.02644,0.221232984,0.257040888,0.203219304,0.171035472,0.16431768,0.147587208,0.135462264,0.1263396,0.12867132,0.152869392,0.17378172,0.185141616,22121.96864,41000.43426,15243.88772,6648.352729,5378.566958,2896.248785,1639.859545,957.8989673,1112.202905,3580.738392,7215.561889,9877.310109
1843,4857559.78,5293099-4,5293099,91076.22142,179196.9796,85219.11956,59185.10913,43637.12151,26435.24882,17148.04803,12284.25584,11163.72423,10505.59541,25273.12543,52197.68936,0.432660552,0.579110856,0.420916608,0.363379512,0.323130672,0.269589504,0.233534712,0.210885024,0.205096872,0.201570336,0.265447272,0.345996768,39405.08824,103774.9162,35870.14274,21506.65607,14100.4924,7126.665617,4004.664458,2590.565587,2289.64492,2117.616397,6708.682201,18060.23182
2407,2483518.16,4780567-4,4780567,30956.52043,35010.49612,38565.37039,82532.7796,60821.86817,51480.84272,28084.24074,18312.61799,38007.55117,53088.24286,57215.61581,33361.5042,0.343902792,0.360779568,0.374836944,0.514642608,0.451701408,0.421392096,0.331311504,0.283104336,0.372672864,0.42678096,0.440277504,0.354031296,10646.03381,12631.07167,14455.72558,42474.88494,27473.32349,21693.62022,9304.632038,5184.381557,14164.38295,22657.05125,25190.74852,11811.01657
1817,2050038.29,5227747-4,5227747,117746.3415,193815.2685,92529.4873,49636.12476,42428.51319,25635.21861,16203.66987,11293.39274,11322.75165,12851.86136,40187.44998,65937.65765,0.452585328,0.561222144,0.409510992,0.320667888,0.302547528,0.253590552,0.219087192,0.19726656,0.197409816,0.204603096,0.296622216,0.35756088,53290.26659,108773.4205,37891.84213,15916.71129,12836.64178,6500.849239,3550.016531,2227.808736,2235.222319,2629.530624,11920.49047,23576.72689
1863,283459.75,5317719-4,5317719,45244.52165,70018.54567,89079.81578,50157.24535,31029.9177,21057.67576,13624.97924,9615.041912,11151.49136,14757.74372,41107.36239,49985.98506,0.398574768,0.478057464,0.530437344,0.415710624,0.343299288,0.296914824,0.255032256,0.22782276,0.238783368,0.262009128,0.38345364,0.415125408,18033.32472,33472.88837,47251.26088,20850.89976,10652.54865,6252.336092,3474.809193,2190.525386,2662.790664,3866.663563,15762.76774,20750.45244
1813,1246426.69,5227532-4,5227532,205622.4421,326285.1017,179424.5111,96510.06572,77209.03121,47431.76019,30102.66557,22038.75255,20842.37711,18929.15503,38802.68822,108799.2147,0.458379576,0.559621944,0.432940968,0.337849464,0.310603392,0.261225792,0.22535388,0.205310232,0.202061064,0.196675248,0.24431244,0.3538728,94253.12783,182596.3029,77680.22152,32605.87397,23981.38699,12390.39912,6783.752484,4524.7814,4211.432895,3722.89626,9479.979438,38501.08275
2360,1972567.07,2528406-4,2528406,185861.4514,487680.7975,385778.4793,255004.123,149559.1634,96732.7041,62735.09025,46073.91076,44251.21197,44742.97366,52412.98801,203785.0639,0.41777412,0.634383288,0.571143384,0.47698152,0.382487424,0.322895976,0.275877528,0.248378472,0.24510492,0.245994936,0.259317744,0.433995576,77648.10429,309376.5478,220334.8261,121632.2542,57204.49913,31234.6009,17307.20162,11443.76755,10846.18977,11006.54494,13591.61781,88441.81617
2361,1972567.07,2528500-4,2528500,185861.4514,487680.7975,385778.4793,255004.123,149559.1634,96732.7041,62735.09025,46073.91076,44251.21197,44742.97366,52412.98801,203785.0639,0.41777412,0.634383288,0.571143384,0.47698152,0.382487424,0.322895976,0.275877528,0.248378472,0.24510492,0.245994936,0.259317744,0.433995576,77648.10429,309376.5478,220334.8261,121632.2542,57204.49913,31234.6009,17307.20162,11443.76755,10846.18977,11006.54494,13591.61781,88441.81617
1837,18139396.18,5291481-4,5291481,119150.6759,242898.4672,121797.8706,87430.82385,69751.86893,40867.59799,25953.27343,17419.61792,15423.21227,16563.31647,49496.66995,80888.68083,0.309466488,0.4085082,0.31199328,0.276807168,0.256141728,0.216069672,0.189917832,0.171614592,0.16675608,0.169566336,0.229139496,0.269409672,36873.1412,99226.01561,38000.11715,24201.47875,17866.36424,8830.248493,4928.989424,2989.460621,2571.914419,2808.580886,11341.64201,21792.19297
2338,17695956.69,1734370-4,1734370,282469.3801,417141.1313,229310.1866,120376.4102,100520.003,59894.61604,35842.33181,25887.21589,25013.78842,21299.88674,98330.31793,160600.5588,0.775847064,0.932669712,0.704386704,0.527499072,0.487926888,0.393234672,0.321826128,0.2856738,0.282211272,0.266815824,0.483348792,0.599209368,219153.0392,389054.8988,161523.0465,63498.44468,49046.41227,23552.63969,11534.99886,7395.299336,7059.173048,5683.146831,47527.84039,96233.35936
2364,5419864.63,2530211-4,2530211,925182.3305,839965.6576,1467463.355,1392774.296,1424614.03,1162027.97,694683.1082,210699.0864,167159.8279,293520.5619,562137.4312,601363.377,0.482598984,0.463164936,0.59045856,0.576876672,0.582707496,0.532598376,0.427753272,0.271131792,0.250643136,0.30522672,0.392265408,0.403140672,446492.0527,389042.64,866476.3,803459,830133.27,618894.2096,297152.9726,57127.22086,41897.46347,89590.31836,220507.0688,242434.0359
2358,1970131.93,2490757-4,2490757,110771.1546,195730.9372,94048.81072,54047.30048,42563.07484,25686.5967,16108.25342,10527.61459,10517.82829,9933.096733,18180.50291,57266.9939,0.518833608,0.668779968,0.483476808,0.384221736,0.349648272,0.28951428,0.246604536,0.21575268,0.21569172,0.212052408,0.25673304,0.393280392,57471.7978,130900.9299,45470.4188,20766.14761,14882.10557,7436.636549,3972.368361,2271.361062,2268.608474,2106.337081,4667.535781,22521.98581
2234,693469.21,5289323-1,5289323,5091.32372,38878.53207,20152.44281,17233.67817,13612.74636,7381.318434,4296.186666,2625.175565,1668.564525,1191.482293,6666.918374,10488.46938,0.20563332,0.42255948,0.325779384,0.307302408,0.282189936,0.2299716,0.196007736,0.172528992,0.155734512,0.145624296,0.222817944,0.257857752,1046.9458,16428.49229,6565.250403,5295.950802,3841.380024,1697.49361,842.0858218,452.9188941,259.8530821,173.5087701,1485.509045,2704.533137
2352,16114006.49,2490564-4,2490564,303458.5518,492713.4034,267643.1323,164404.9838,113442.8151,67748.12356,41589.33777,29437.19702,27267.0845,24387.46508,36938.39765,165170.762,0.504431808,0.62490096,0.477950784,0.390412224,0.337404456,0.279117552,0.236863128,0.212911944,0.208172304,0.201600816,0.2281428,0.391143744,153074.1459,307897.0788,127920.2449,64185.71537,38276.11132,18909.6904,9850.980637,6267.530843,5676.251805,4916.532861,8427.229468,64605.51023
2357,846127.24,2490742-4,2490742,138084.724,223161.9422,111064.7437,56300.59656,44138.6695,26704.37213,16551.0836,11486.67221,11790.04758,11513.58454,44207.17361,76528.8832,0.237277656,0.27887676,0.221632272,0.182977536,0.172190664,0.15387828,0.140445744,0.132255768,0.132789168,0.132304536,0.172254672,0.1987296,32764.41965,62234.6794,24615.53148,10301.74443,7600.266809,4109.222852,2324.52925,1519.178655,1565.590608,1523.29946,7614.892191,15208.55435
1834,998008.32,5289479-4,5289479,40708.57058,88064.48692,37554.93469,22224.6923,16440.9877,9262.735032,5673.6087,3547.534548,2483.274183,1771.320698,6772.121122,16242.81508,0.385005072,0.532375872,0.372806976,0.305019456,0.273807936,0.226582224,0.19619976,0.17364456,0.159901128,0.14907768,0.206270352,0.272652744,15673.00615,46883.40802,14000.74164,6778.963554,4501.672907,2098.771104,1113.160665,616.0100756,397.078343,264.0643802,1396.887808,4428.648101
2363,748317.06,2529955-4,2529955,73634.58433,176402.9903,89116.51441,57357.51719,37312.72371,23800.28695,14906.98483,10571.65295,10116.5899,10872.58174,19435.59617,49127.23704,0.366211104,0.52689252,0.395240256,0.332393544,0.283732224,0.243431568,0.210558888,0.191115696,0.188875416,0.192575688,0.228191568,0.313572144,26965.80242,92945.4161,35222.43397,19065.26842,10586.82208,5793.741171,3138.798148,2020.408812,1910.775126,2093.79491,4435.039165,15404.93305
2350,27639201.66,2490303-4,2490303,2875540.98,3269664.73,3387225.13,2194497.531,1790484.724,1053994.533,528912.9353,367832.8476,677339.3342,460137.25,1080933.777,2439690.886,0.845518248,0.89856564,0.913799544,0.745040928,0.678368976,0.535048968,0.399827496,0.346185744,0.44275248,0.378022104,0.540998664,0.782708112,2431322.37,2938008.38,3095244.78,1634990.48,1214609.29,563938.6873,211473.9345,127338.488,299893.67,173942.0514,584783.729,1909565.85
2351,27639201.66,2490305-4,2490305,2875540.98,3269664.73,3387225.13,2194497.531,1790484.724,1053994.533,528912.9353,367832.8476,677339.3342,460137.25,1080933.777,2439690.886,0.845518248,0.89856564,0.913799544,0.745040928,0.678368976,0.535048968,0.399827496,0.346185744,0.44275248,0.378022104,0.540998664,0.782708112,2431322.37,2938008.38,3095244.78,1634990.48,1214609.29,563938.6873,211473.9345,127338.488,299893.67,173942.0514,584783.729,1909565.85
1847,14335864.41,5308739-4,5308739,175089.1792,338420.1164,258759.6165,140560.6585,104495.6883,65110.71511,42318.41729,30868.44371,27279.31738,23049.18826,96558.99723,151499.2978,0.587904336,0.794830008,0.70174104,0.533528016,0.469501728,0.386093208,0.326358504,0.290517072,0.278032464,0.2622804,0.4540758,0.551371008,102935.6877,268986.4638,181582.2424,74993.04926,49060.90623,25138.80487,13810.97536,8967.809885,7584.535828,6045.350316,43845.10392,83532.32053
1875,632098.93,5324084-4,5324084,140979.0229,236804.0475,321409.0766,178499.7056,115634.9468,73181.96785,47329.00401,34741.37281,34829.44953,25605.85971,116339.5606,170675.5569,0.53143404,0.670121088,0.771579864,0.589830672,0.487744008,0.40282368,0.339022944,0.30191964,0.302200056,0.270820896,0.489015024,0.578165976,74921.0517,158687.3859,247992.7716,105284.6013,56400.25241,29479.4296,16045.61828,10489.10277,10525.4616,6934.601869,56891.793,98678.79996
2395,2448388.70,3126794-4,3126794,2864.939969,1433.693272,4702.318207,10977.78449,6620.433438,4093.120895,2289.994715,1428.800121,7395.997888,13517.32991,6960.50744,5847.315565,0.13021056,0.11907012,0.14110716,0.167896032,0.150491952,0.137760456,0.126147576,0.1190244,0.153914856,0.176531016,0.152015952,0.146886168,373.0454377,170.71003,663.5307676,1843.126457,996.3219512,563.870201,288.8772823,170.0620771,1138.35395,2386.227983,1058.108165,858.8897764
1886,34255908.40,8994649-4,8994649,3524529.4,4216088.23,3578415.22,2276435.793,1719688.168,969617.0357,573279.1363,407834.3579,356426.9124,320310.5642,1027581.304,2564431.99,0.840187296,0.914662128,0.846222336,0.685614072,0.603753936,0.470029032,0.378464064,0.331412088,0.315019944,0.302827944,0.481803456,0.724247472,2961264.82,3856296.23,3028134.89,1560756.41,1038268.5,455748.1567,216965.5517,135161.2361,112281.586,96998.98959,495092.2234,1857283.38
2384,34255908.40,2717951-4,2717951,3524529.4,4216088.23,3578415.22,2276435.793,1719688.168,969617.0357,573279.1363,407834.3579,356426.9124,320310.5642,1027581.304,2564431.99,0.840187296,0.914662128,0.846222336,0.685614072,0.603753936,0.470029032,0.378464064,0.331412088,0.315019944,0.302827944,0.481803456,0.724247472,2961264.82,3856296.23,3028134.89,1560756.41,1038268.5,455748.1567,216965.5517,135161.2361,112281.586,96998.98959,495092.2234,1857283.38
2423,34255908.40,5191816-4,5191816,3524529.4,4216088.23,3578415.22,2276435.793,1719688.168,969617.0357,573279.1363,407834.3579,356426.9124,320310.5642,1027581.304,2564431.99,0.840187296,0.914662128,0.846222336,0.685614072,0.603753936,0.470029032,0.378464064,0.331412088,0.315019944,0.302827944,0.481803456,0.724247472,2961264.82,3856296.23,3028134.89,1560756.41,1038268.5,455748.1567,216965.5517,135161.2361,112281.586,96998.98959,495092.2234,1857283.38
2422,43319624.72,5139665-4,5139665,1186618.501,1036303.345,1469682.399,1116333.278,926366.4731,479773.4654,288363.1806,249110.3225,249741.539,366773.4804,588787.9787,850811.327,0.830607432,0.779489424,0.919224984,0.807107352,0.739859328,0.549414192,0.441539376,0.415558224,0.41599104,0.488887008,0.60172092,0.711330048,985614.15,807787.5,1350968.78,901000.8,685380.8763,263594.3508,127323.6988,103519.8432,103890.2425,179310.7895,354286.0442,605207.662
1864,6555769.22,5317751-4,5317751,85060.09215,135060.7567,178184.0973,95563.24098,63997.52324,42149.60358,26936.79681,19587.28385,20849.71684,25258.44598,77275.08875,99986.64958,0.446964816,0.545189664,0.616710984,0.469477344,0.39747444,0.337114896,0.285670752,0.255836928,0.261295896,0.279233376,0.429426624,0.478609152,38018.86844,73633.72854,109888.09,44864.77656,25437.37971,14209.25923,7695.055,5011.150529,5447.945442,7053.001143,33183.98048,47854.52557
2129,27094779.93,3117520-4,3117520,330652.239,286427.9394,651019.0744,1007866.798,651611.1457,410939.0623,226875.8439,185959.3144,274953.5,352713.0107,488356.0524,431918.4476,0.410190696,0.386980176,0.547088568,0.665442408,0.547308024,0.44887896,0.352873056,0.32692848,0.380689104,0.421224456,0.48294036,0.458385672,135630.4721,110841.9344,356165.0932,670677.3089,356632.0086,184461.8989,80058.37237,60795.396,104671.8016,148571.3461,235846.8477,197985.2279
2135,375331.96,5191879-1,5191879,116823.9825,198894.3593,98812.29331,54786.16629,42665.83102,25647.45149,16487.47263,11966.20102,11892.80375,11151.49136,22156.18818,59645.06533,0.461290416,0.581213976,0.430045368,0.339687408,0.309140352,0.258189984,0.223854264,0.2035302,0.203173584,0.19950684,0.245915688,0.351029016,53889.78349,115600.1814,42493.76904,18610.17082,13189.73002,6621.91509,3690.791051,2435.483286,2416.303561,2224.798802,5448.55426,20937.14859
2388,6498011.31,3117526-4,3117526,35546.29617,39627.18418,56413.13903,86161.05114,52777.52776,35081.44681,20213.60719,13076.94631,23249.80745,41090.23636,49396.36035,39047.34578,0.361212384,0.377086368,0.435483,0.521598144,0.423614088,0.359353104,0.292007544,0.25112472,0.307281072,0.382591056,0.41222676,0.374879616,12839.76238,14942.87096,24566.96303,44941.44436,22357.30429,12606.6268,5902.525792,3283.944482,7144.225758,15720.75692,20362.50158,14638.05399
2403,129079.14,3770613-4,3770613,78111.81758,78527.73543,78155.85594,145930.8918,92057.29822,64259.30682,36331.64692,25796.6926,70913.99232,112119.2177,118627.1087,91066.43512,0.298271184,0.298847256,0.298332144,0.37866828,0.316891416,0.278157432,0.230044752,0.207425544,0.288048192,0.341488776,0.349017336,0.315614304,23298.50432,23467.79825,23316.40407,55259.39981,29172.16759,17874.20377,8357.904705,5350.892996,20426.64727,38287.45443,41402.91745,28741.86954
1887,20310809.27,8994650-4,8994650,1421780.896,1818705.973,1400989.897,832691.9884,676583.3423,383260.9531,239030.4312,172407.7324,136695.0691,134248.4936,324643.4495,907816.5373,0.947915808,1.067181,0.941262024,0.736744272,0.669651696,0.519693144,0.425296584,0.372529608,0.340233,0.337879944,0.48377856,0.766910328,1347728.59,1940888.46,1318698.59,613481.0528,453075.1827,199178.0897,101658.8259,64226.98498,46508.17346,45359.87349,157055.5405,696213.8784
1836,9022345.66,5291386-4,5291386,406965.8236,559923.2804,749772.6499,620150.6307,446937.9749,345387.9635,217571.5171,111563.8451,99861.87422,76286.67222,346814.3171,467888.0013,0.242023392,0.269354808,0.298761912,0.279129744,0.249573288,0.229672896,0.200149968,0.168453816,0.164198808,0.154844496,0.2299716,0.253404624,98495.24905,150818.0277,224003.5104,173102.4868,111543.7799,79326.25383,43546.93218,18793.35543,16397.20071,11812.57131,79757.4434,118564.9831
1879,1655132.91,5521471-4,5521471,1690.583705,3080.238617,4296.186666,3745.707167,2544.438572,1502.197388,929.698709,572.4986787,428.1507213,357.2000303,714.4000606,2652.087896,0.23387304,0.286347408,0.323520816,0.307402992,0.267788136,0.225366072,0.19581876,0.172708824,0.161455608,0.155268168,0.18252948,0.271653,395.3819505,882.0183441,1389.905816,1151.44159,681.3704624,338.5443246,182.0524484,98.87557354,69.12733502,55.46179431,130.3990716,720.4476333
1857,18857587.03,5311600-4,5311600,524609.4089,617376.214,807007.8383,780129.7593,639916.5146,632131.5112,439992.1469,427715.2308,358577.4523,334760.0394,392264.3511,468785.8946,0.505270008,0.542409888,0.610947216,0.601730064,0.551029632,0.548070024,0.468596472,0.463009488,0.430030128,0.41798748,0.446437512,0.481419408,265069.4002,334870.9631,493039.1921,469427.53,352612.9615,346452.3325,206178.7678,198036.21,154199.1077,139925.5053,175121.5209,225682.6278
1859,18857587.03,5312313-4,5312313,524609.4089,617376.214,807007.8383,780129.7593,639916.5146,632131.5112,439992.1469,427715.2308,358577.4523,334760.0394,392264.3511,468785.8946,0.505270008,0.542409888,0.610947216,0.601730064,0.551029632,0.548070024,0.468596472,0.463009488,0.430030128,0.41798748,0.446437512,0.481419408,265069.4002,334870.9631,493039.1921,469427.53,352612.9615,346452.3325,206178.7678,198036.21,154199.1077,139925.5053,175121.5209,225682.6278
2336,2834898.76,1733942-4,1733942,62673.92586,123505.5803,54216.11419,32764.53977,22689.54165,13598.06691,9044.989808,4173.857888,3246.605755,6246.107379,2781.7564,27590.03248,0.549258744,0.746665512,0.515529576,0.41661588,0.359429304,0.296244264,0.256873248,0.202018392,0.188527944,0.227804472,0.18108168,0.388470648,34424.2018,92217.35738,27950.01036,13650.22757,8155.286164,4028.349323,2323.41591,843.196059,612.0759079,1422.891194,503.7251223,10717.91779
2359,7874614.26,2490856-4,2490856,194842.8302,299005.7843,156774.1147,84000.72493,72494.48012,43001.01187,26525.77211,18107.10565,17828.19603,17236.12475,66989.68513,111106.3355,0.561728112,0.681160944,0.510735072,0.393201144,0.370688616,0.30367224,0.25623012,0.226460304,0.225372168,0.2230374,0.359325672,0.441103512,109448.6952,203671.0623,80070.03874,33029.18114,26872.8785,13058.2136,6796.701772,4100.540649,4017.979191,3844.30045,24071.11363,49009.39477
2369,94506580.54,2638181-4,2638181,10463820.13,12442930.94,14420211.71,12914860.68,11125486.71,10107290.47,5890529.43,5194708.66,5871981.94,5885883.38,7023487.19,7900868.32,0.650607792,0.704234304,0.753944136,0.71641716,0.669026856,0.640454904,0.50424588,0.477755712,0.50356008,0.504075192,0.544415472,0.57346596,6807842.91,8762738.81,10872034.06,9252427.81,7443249.39,6473263.74,2970275.2,2481801.74,2956895.7,2966927.8,3823695.09,4530879.04
1880,3963469.24,5579720-4,5579720,140264.6229,286557.6079,186284.709,104537.2801,77830.4614,47091.68619,30087.98611,23443.08692,19340.17972,20025.22088,60753.36406,105112.2254,0.488893104,0.671072064,0.553108368,0.431819304,0.382834896,0.315199776,0.268370304,0.246729504,0.231897936,0.234470448,0.347237304,0.432803808,68574.40685,192300.8054,103035.6314,45141.21554,29796.21659,14843.28894,8074.72198,5784.101208,4484.94776,4695.32251,21095.83434,45492.9714
1874,12773230.55,5322512-4,5322512,108410.2092,115732.8098,265932.976,209424.4205,139200.3625,86968.42108,50734.63718,38736.63068,32534.56166,28805.98053,112177.9355,130037.9371,0.300170088,0.30745176,0.426015912,0.386462016,0.329440032,0.277401528,0.231757728,0.213369144,0.202804776,0.195995544,0.303943512,0.321079368,32541.50203,35582.25607,113291.6793,80934.58375,45858.17187,24125.17289,11758.14424,8265.20173,6598.164491,5645.843824,34095.7557,41752.49865
1858,22425374.51,5311622-4,5311622,306164.4643,423560.9455,434802.9602,292532.1454,294078.3811,238778.434,178100.9137,113484.4069,131116.8769,131498.5427,293956.0523,348556.2789,0.236424216,0.263216136,0.265584432,0.233022648,0.233412792,0.218812872,0.20081748,0.178082448,0.184785,0.184925208,0.233382312,0.246577104,72384.69345,111488.0754,115476.8972,68166.61514,68641.656,52247.7949,35765.77668,20209.58099,24228.43209,24317.39535,68604.14312,85945.99783
1860,22425374.51,5312314-4,5312314,306164.4643,423560.9455,434802.9602,292532.1454,294078.3811,238778.434,178100.9137,113484.4069,131116.8769,131498.5427,293956.0523,348556.2789,0.236424216,0.263216136,0.265584432,0.233022648,0.233412792,0.218812872,0.20081748,0.178082448,0.184785,0.184925208,0.233382312,0.246577104,72384.69345,111488.0754,115476.8972,68166.61514,68641.656,52247.7949,35765.77668,20209.58099,24228.43209,24317.39535,68604.14312,85945.99783
2366,44579356.56,2544602-4,2544602,10121179.67,11786937.98,13612078.45,13683711.73,12354624.24,7627779.12,6307888.3,4031543.04,4035606.8,5738761.01,9752081.95,11087471.81,0.78024228,0.838068936,0.8971788,0.899422128,0.856887288,0.684544224,0.62787276,0.514923024,0.515148576,0.601727016,0.766837176,0.814285392,7896972.31,9878266.57,12212468.2,12307433.12,10586520.46,5221552.14,3960551.24,2075934.33,2078937.09,3453167.54,7478258.98,9028366.33
1854,29296976.58,5310211-4,5310211,791941.8261,1003218.304,1223476.161,1001642.71,704329.9556,506225.8402,338623.1821,240520.3957,201345.828,161662.3726,443099.2979,851919.6257,0.855034104,0.956855592,1.052760912,0.956136264,0.809100744,0.694072272,0.578702424,0.498192552,0.461781144,0.421315896,0.653101056,0.885114816,677137.2697,959935.04,1288027.88,957706.92,569873.8911,351357.3191,195962.0563,119825.4698,92977.70681,68110.92737,289388.6193,754046.68
1877,60326635.81,5326287-4,5326287,280683.38,161283.1534,208859.2616,221894.6161,190517.2847,201465.7102,227159.6467,201512.1952,216656.4978,265225.9156,219404.0022,337096.519,0.491069376,0.389863584,0.43339512,0.444483744,0.417228528,0.426960792,0.448875912,0.427003464,0.440064144,0.479304096,0.442389768,0.531623016,137835.0123,62878.42823,90518.58472,98628.54973,79489.24623,86017.95921,101966.4936,86046.40538,95342.75626,127123.8677,97062.08562,179208.2681
2333,203159209.29,1731865-4,1731865,6397976.11,6364827.46,4784019.15,3218697.67,3267191.24,2949018.98,2193467.523,1262582.225,1936753.244,3793902.26,5679942.88,5243026.08,0.993288336,0.990810312,0.864653592,0.718407504,0.723384888,0.690058056,0.60336684,0.473890848,0.570789816,0.775371576,0.938201832,0.903073632,6355035.04,6306336.68,4136519.34,2312336.56,2363436.77,2034994.31,1323465.57,598326.1612,1105479.03,2941683.97,5328932.82,4734838.61
2414,203159209.29,5104852-4,5104852,6397976.11,6364827.46,4784019.15,3218697.67,3267191.24,2949018.98,2193467.523,1262582.225,1936753.244,3793902.26,5679942.88,5243026.08,0.993288336,0.990810312,0.864653592,0.718407504,0.723384888,0.690058056,0.60336684,0.473890848,0.570789816,0.775371576,0.938201832,0.903073632,6355035.04,6306336.68,4136519.34,2312336.56,2363436.77,2034994.31,1323465.57,598326.1612,1105479.03,2941683.97,5328932.82,4734838.61
2385,93947204.09,2717953-4,2717953,3525972.88,3735835.23,4170784.99,3132893.82,2485351.33,1569253.13,950120.2751,674445.0353,812397.6443,662743.0644,1451560.614,3156672.08,1.067007264,1.09734096,1.15776756,1.007815104,0.902092176,0.727027248,0.578964552,0.498277896,0.540270192,0.494538,0.701356992,1.011490992,3762238.67,4099485.02,4828799.56,3157377.71,2242015.99,1140889.78,550085.9594,336061.0532,438914.2312,327751.6296,1018062.19,3192945.38
2410,11373396.06,4921866-4,4921866,88627.1993,184520.728,131635.5509,70221.61144,47911.289,31208.51772,20685.79628,15310.66979,15809.7712,13779.1135,32059.92601,69328.61136,0.449342256,0.618518448,0.532406352,0.408026616,0.350331024,0.298149264,0.258098544,0.233866944,0.236268768,0.22625304,0.301087536,0.405899112,39823.94568,114129.4743,70083.60344,28652.28648,16784.81094,9304.796587,5338.9739,3580.659555,3735.355165,3117.566317,9652.844126,28140.42179
1881,73669016.13,5615212-4,5615212,267792.3734,216296.8512,194196.9343,272719.7766,255273.2463,195195.1371,96788.97533,101916.9977,93542.36958,115360.9303,347083.4404,359658.8387,0.453204072,0.41469564,0.396855696,0.45669708,0.444188088,0.397681704,0.303242472,0.309058056,0.299484288,0.323685408,0.506239272,0.51410616,121364.5941,89697.36115,77068.15952,124550.3256,113389.3352,77625.53474,29350.52814,31498.26918,28014.46995,37340.6498,175707.2682,184902.8245
1824,92614997.25,5255020-4,5255020,18365760.06,22146927.89,26113736.98,23111874.42,19537168.2,14140259.85,8824873.85,7563052.51,7263691.98,8647893.47,10713754.95,13391500.09,1.439079672,1.579662576,1.715496696,1.613690448,1.483973664,1.264715784,1.00544376,0.933742608,0.915927048,0.995693208,1.104317832,1.231379808,26429791.96,34984673.16,44798029.52,37295410.98,28992643.08,17883409.83,8872914.35,7061944.38,6653011.95,8610648.79,11831390.64,16490022.81
1851,32989481.03,5310178-4,5310178,1576492.547,2015973.36,2037285.48,1539170.037,1143923.311,759018.2589,456787.8881,404409.1521,421456.8905,322507.589,784176.3953,1571472.174,0.716237328,0.803029128,0.807000672,0.708373488,0.618795816,0.516081264,0.416323272,0.396136368,0.402835872,0.361925616,0.523454376,0.715185768,1129142.81,1618885.33,1644090.75,1090307.25,707854.9585,391715.1025,190171.4282,160201.1727,169777.954,116723.7578,410480.5657,1123894.53
2332,20252134.16,1314000-4,1314000,303585.7737,467112.4369,285165.5064,187933.7009,123312.3009,76382.08867,45479.3929,32081.94519,29982.78337,28397.40241,51001.31392,170249.8528,0.446102232,0.53663088,0.434589936,0.366942624,0.31222188,0.263216136,0.22248876,0.20075652,0.196989192,0.194060064,0.23055072,0.352991928,135430.2912,250666.9581,123930.0592,68960.88534,38500.79841,20104.99824,10118.65373,6440.659671,5906.284269,5510.801729,11758.38964,60096.82378
2386,122606338.94,2718083-4,2718083,1989523.432,1892223.122,2085517.27,1412960.991,1161797.992,693616.4013,378622.2458,259941.3125,239637.182,384043.8572,1021893.015,1669677.717,0.32090868,0.314946792,0.326657208,0.283201872,0.264526776,0.223671384,0.188021976,0.171001944,0.16774668,0.188735208,0.253294896,0.300743112,638455.3383,595949.6021,681249.2487,400153.1977,307326.6771,155142.1404,71189.30282,44450.46976,40198.34168,72482.59728,258840.2851,502144.0726
2387,122606338.94,2718094-4,2718094,1989523.432,1892223.122,2085517.27,1412960.991,1161797.992,693616.4013,378622.2458,259941.3125,239637.182,384043.8572,1021893.015,1669677.717,0.32090868,0.314946792,0.326657208,0.283201872,0.264526776,0.223671384,0.188021976,0.171001944,0.16774668,0.188735208,0.253294896,0.300743112,638455.3383,595949.6021,681249.2487,400153.1977,307326.6771,155142.1404,71189.30282,44450.46976,40198.34168,72482.59728,258840.2851,502144.0726
2370,842019417.71,2683098-4,2683098,18018113.91,17146548.28,20390019.97,13811589.34,12391589.55,5327496.55,2724222.73,2030643.027,1982707.272,3139558.29,7897017.42,15602335.85,0.465746592,0.45608748,0.490977936,0.416801808,0.398730216,0.2886456,0.230325168,0.210628992,0.209159856,0.240993168,0.33389316,0.438387744,8391875.15,7820326,10011049.92,5756695.41,4940901.18,1537758.44,627457.0579,427712.2939,414702.7676,756612.1,2636760.1,6839872.81
2373,842019417.71,2684637-4,2684637,18018113.91,17146548.28,20390019.97,13811589.34,12391589.55,5327496.55,2724222.73,2030643.027,1982707.272,3139558.29,7897017.42,15602335.85,0.465746592,0.45608748,0.490977936,0.416801808,0.398730216,0.2886456,0.230325168,0.210628992,0.209159856,0.240993168,0.33389316,0.438387744,8391875.15,7820326,10011049.92,5756695.41,4940901.18,1537758.44,627457.0579,427712.2939,414702.7676,756612.1,2636760.1,6839872.81
1809,281087199.78,5227354-4,5227354,5824325.09,6093688.17,5742129.94,3546930.24,2799149.11,1579381.953,894118.1608,688018.6364,549557.1398,518620.1919,2166807.189,4367024.81,0.743931456,0.759723144,0.739045512,0.593451696,0.534445464,0.419026848,0.334277208,0.303065688,0.279550368,0.273929856,0.478450656,0.651778224,4332898.65,4629515.93,4243695.36,2104931.77,1495992.54,661803.4416,298883.3224,208514.8414,153628.9007,142065.5545,1036710.32,2846331.68
2087,281087199.78,4869548-1,4869548,11043.84203,54803.29232,12426.15722,10077.44469,8445.578799,4553.077099,2762.183796,1656.331647,1240.413804,826.9425359,5289.496339,9974.688517,0.161333688,0.251636784,0.165686232,0.158139384,0.152393904,0.13606272,0.126257304,0.118585488,0.115086384,0.111002064,0.139546584,0.157788864,1781.743765,13790.52423,2058.843168,1593.640896,1287.054725,619.5040544,348.7458792,196.4168967,142.7547393,91.79232829,738.1311452,1573.89477
1838,434657657.05,5291560-4,5291560,1774075.542,1606490.01,2085749.695,2420463.249,2323101.775,1280933.988,921463.5357,442105.9882,265020.4033,270508.0723,423208.6386,1275167.41,0.775642848,0.740657904,0.836816208,0.897901176,0.880564152,0.66739008,0.575383152,0.419932104,0.342378792,0.34509456,0.412458408,0.666015432,1376049.01,1189859.52,1745389.15,2173336.8,2045640.14,854882.64,530194.5936,185654.4978,90737.36554,93350.86417,174555.9613,849281.17
1839,434657657.05,5291576-5,5291576,1774075.542,1606490.01,2085749.695,2420463.249,2323101.775,1280933.988,921463.5357,442105.9882,265020.4033,270508.0723,423208.6386,1275167.41,0.775642848,0.740657904,0.836816208,0.897901176,0.880564152,0.66739008,0.575383152,0.419932104,0.342378792,0.34509456,0.412458408,0.666015432,1376049.01,1189859.52,1745389.15,2173336.8,2045640.14,854882.64,530194.5936,185654.4978,90737.36554,93350.86417,174555.9613,849281.17
2409,629679033.31,4869053-4,4869053,4997502.44,5259846.29,5457911.26,3661251.38,2824018.55,1570429.933,900134.2901,678305.7315,494296.3378,464709.8997,1554155.313,3774226.9,1.239310704,1.270854456,1.2941808,1.064898048,0.939856896,0.71339964,0.554915832,0.490618272,0.429268128,0.418456872,0.709982832,1.080692784,6193458.27,6684499.1,7063523.96,3898859.45,2654173.31,1120344.15,499498.7685,332789.1859,212185.6636,194461.051,1103423.59,4078779.77
1808,82702594.90,5225161-4,5225161,8563513.53,9686496.6,10071641.41,8312776.23,7008401.6,4008002.09,2902957.31,2485877.34,2025879.544,3843491.9,6757397.63,8190645.63,0.403741128,0.424686984,0.431602896,0.39889176,0.372474744,0.300971712,0.26839164,0.254602488,0.238067088,0.296418,0.3671316,0.396505176,3457442.61,4113729.03,4346949.6,3315897.94,2610452.59,1206295.25,779129.47,632910.5555,482295.2438,1139280.18,2480854.2,3247633.39
1865,123794969.08,5318759-4,5318759,221904.4024,327978.1319,813222.1402,495159.979,275264.2151,184542.7472,117575.0812,87819.82937,67770.14273,63187.70673,63576.71224,285109.2351,0.331427328,0.38616636,0.567190128,0.457599288,0.360209592,0.309283608,0.263450832,0.23913084,0.220470984,0.215853264,0.216252552,0.365223552,73545.18315,126654.1214,461251.5698,226584.8538,99152.81062,57076.04667,30975.25297,21000.42957,14941.35005,13639.27274,13748.62627,104128.6076
1835,243801918.36,5289509-4,5289509,1108186.182,1548633.392,1314635.566,1023581.153,738640.7311,419788.326,244434.9166,184459.5636,140064.0037,121592.3583,466672.0533,860294.2538,0.5900928,0.686565048,0.63719964,0.569607192,0.493955832,0.390278112,0.316324488,0.285451296,0.259412232,0.247445784,0.407413968,0.527681952,653932.6869,1063237.56,837685.31,583039.1861,364855.8969,163834.1953,77320.74985,52654.22149,36334.31581,30087.51642,190128.713,453961.7511
2399,1490148443.72,3312794-4,3312794,8731333.93,8357230.51,8457750.51,5152370.67,3987781.14,2218185.276,1240856.634,942592.1621,671692.6378,873495.9755,3168090.25,6529944.4,0.424184064,0.416594544,0.418648896,0.343527888,0.311786016,0.253499112,0.21116544,0.195251832,0.178579272,0.191237616,0.286734504,0.376982736,3703692.71,3481576.63,3540827.91,1769983.02,1243334.39,562307.9977,262026.0371,184042.8465,119950.3823,167045.2879,908400.79,2461676.3
1811,1709218072.81,5227489-4,5227489,38816137.05,38124294.41,44416487.94,36331067.08,30911811.71,17552586.85,9908193.04,6567802.71,5188320.65,6579617.22,20038862.98,33767799.66,0.527739864,0.52361592,0.5599176,0.51276504,0.478343976,0.378582936,0.30405324,0.262853424,0.242983512,0.263014968,0.399321528,0.49680876,20484822.89,19962487.49,24869573.33,18629301.06,14786478.92,6645109.86,3012618.2,1726369.43,1260676.37,1730537.81,8001949.39,16776138.68
1828,1709218072.81,5273978-4,5273978,38816137.05,38124294.41,44416487.94,36331067.08,30911811.71,17552586.85,9908193.04,6567802.71,5188320.65,6579617.22,20038862.98,33767799.66,0.527739864,0.52361592,0.5599176,0.51276504,0.478343976,0.378582936,0.30405324,0.262853424,0.242983512,0.263014968,0.399321528,0.49680876,20484822.89,19962487.49,24869573.33,18629301.06,14786478.92,6645109.86,3012618.2,1726369.43,1260676.37,1730537.81,8001949.39,16776138.68
1829,1709218072.81,5273979-4,5273979,38816137.05,38124294.41,44416487.94,36331067.08,30911811.71,17552586.85,9908193.04,6567802.71,5188320.65,6579617.22,20038862.98,33767799.66,0.527739864,0.52361592,0.5599176,0.51276504,0.478343976,0.378582936,0.30405324,0.262853424,0.242983512,0.263014968,0.399321528,0.49680876,20484822.89,19962487.49,24869573.33,18629301.06,14786478.92,6645109.86,3012618.2,1726369.43,1260676.37,1730537.81,8001949.39,16776138.68
1945,1709218072.81,2490850-1,2490850,22830650.34,22780104.09,26617589.65,22162979.87,18735511.02,10285264.16,5669992.66,3860958,2645235.04,3267575.35,10988720.69,19544485.91,0.479078544,0.478624392,0.51177444,0.473055696,0.440707272,0.346152216,0.277791672,0.243867432,0.216603072,0.231157272,0.3551682,0.448577208,10937674.72,10903113.47,13622202.04,10484323.87,8256875.95,3560266.98,1575076.74,941561.91,572966.0354,755323.8,3902844.15,8767210.92
1946,1709218072.81,2490854-1,2490854,9940468.27,9574308.88,11306973.68,8420215.15,6714895.72,4003453.9,2166352.126,1724703.648,1331096.127,1432232.667,6139820.8,8908862.34,0.404445216,0.398318736,0.426421296,0.378253752,0.346066872,0.28553664,0.232236264,0.216475056,0.200735184,0.204965808,0.3343656,0.38689788,4020374.83,3813626.61,4821534.37,3184977.97,2323802.96,1143132.78,503105.5243,373355.3187,267197.8259,293558.7258,2052944.86,3446819.95
2335,1709218072.81,1732838-4,1732838,38816137.05,38124294.41,44416487.94,36331067.08,30911811.71,17552586.85,9908193.04,6567802.71,5188320.65,6579617.22,20038862.98,33767799.66,0.527739864,0.52361592,0.5599176,0.51276504,0.478343976,0.378582936,0.30405324,0.262853424,0.242983512,0.263014968,0.399321528,0.49680876,20484822.89,19962487.49,24869573.33,18629301.06,14786478.92,6645109.86,3012618.2,1726369.43,1260676.37,1730537.81,8001949.39,16776138.68
2339,1709218072.81,1736777-4,1736777,38816137.05,38124294.41,44416487.94,36331067.08,30911811.71,17552586.85,9908193.04,6567802.71,5188320.65,6579617.22,20038862.98,33767799.66,0.527739864,0.52361592,0.5599176,0.51276504,0.478343976,0.378582936,0.30405324,0.262853424,0.242983512,0.263014968,0.399321528,0.49680876,20484822.89,19962487.49,24869573.33,18629301.06,14786478.92,6645109.86,3012618.2,1726369.43,1260676.37,1730537.81,8001949.39,16776138.68
2121,1817631417.22,2718167-4,2718167,9380.170659,53257.05657,11158.83108,9169.765161,6206.96217,3532.855094,2192.131693,1286.898739,976.1836445,697.2740318,1744.408367,7865.740393,0.161544,0.263844024,0.16806672,0.160733232,0.148242528,0.134212584,0.12521184,0.117521736,0.114312192,0.110986824,0.12164568,0.155512008,1515.310289,14051.55611,1875.428139,1473.885991,920.1357633,474.1536111,274.4808428,151.2385739,111.5896922,77.38823024,212.199742,1223.217083
2354,1817631417.22,2490673-4,2490673,9380.170659,53257.05657,11158.83108,9169.765161,6206.96217,3532.855094,2192.131693,1286.898739,976.1836445,697.2740318,1744.408367,7865.740393,0.161544,0.263844024,0.16806672,0.160733232,0.148242528,0.134212584,0.12521184,0.117521736,0.114312192,0.110986824,0.12164568,0.155512008,1515.310289,14051.55611,1875.428139,1473.885991,920.1357633,474.1536111,274.4808428,151.2385739,111.5896922,77.38823024,212.199742,1223.217083
2355,1817631417.22,2490677-4,2490677,9380.170659,53257.05657,11158.83108,9169.765161,6206.96217,3532.855094,2192.131693,1286.898739,976.1836445,697.2740318,1744.408367,7865.740393,0.161544,0.263844024,0.16806672,0.160733232,0.148242528,0.134212584,0.12521184,0.117521736,0.114312192,0.110986824,0.12164568,0.155512008,1515.310289,14051.55611,1875.428139,1473.885991,920.1357633,474.1536111,274.4808428,151.2385739,111.5896922,77.38823024,212.199742,1223.217083
2382,1817631417.22,2717822-4,2717822,9380.170659,53257.05657,11158.83108,9169.765161,6206.96217,3532.855094,2192.131693,1286.898739,976.1836445,697.2740318,1744.408367,7865.740393,0.161544,0.263844024,0.16806672,0.160733232,0.148242528,0.134212584,0.12521184,0.117521736,0.114312192,0.110986824,0.12164568,0.155512008,1515.310289,14051.55611,1875.428139,1473.885991,920.1357633,474.1536111,274.4808428,151.2385739,111.5896922,77.38823024,212.199742,1223.217083
2381,412834732.53,2700412-4,2700412,679179.159,552358.4688,761178.5851,1564411.357,1099072.688,768026.5501,408879.0456,323645.2466,619399.532,811587.8277,1073207.491,876351.1291,0.232839768,0.218407488,0.241502184,0.31024068,0.273274536,0.242206272,0.200043288,0.18766536,0.226210368,0.246610632,0.271022064,0.252962664,158139.9178,120639.2256,183826.2907,485344.0433,300348.5788,186020.8475,81793.50868,60737.00172,140114.5961,200146.1871,290862.9093,221684.1162
2404,412834732.53,3770730-4,3770730,679179.159,552358.4688,761178.5851,1564411.357,1099072.688,768026.5501,408879.0456,323645.2466,619399.532,811587.8277,1073207.491,876351.1291,0.232839768,0.218407488,0.241502184,0.31024068,0.273274536,0.242206272,0.200043288,0.18766536,0.226210368,0.246610632,0.271022064,0.252962664,158139.9178,120639.2256,183826.2907,485344.0433,300348.5788,186020.8475,81793.50868,60737.00172,140114.5961,200146.1871,290862.9093,221684.1162
